from_node,to_node,length_m,elevation_change,elevation_gain
286181276,7366845050,8.023452138,-0.1,0
286181276,7366845054,5.191107594,0.1,0.1
286181276,286182061,8.253144455,0.1,0.1
286181276,7366845051,8.56918669,-0.2,0
286182061,286181276,8.253144455,-0.1,0
286182061,7366845055,5.936809474,0.1,0.1
286182061,7366845049,8.05178256,-0.1,0
286182061,7366845048,8.988895855,0.1,0.1
308022083,7368658467,6.428916741,0,0
308022083,461629164,8.858963076,0.1,0.1
308022083,7368658470,8.088582499,0.4,0.4
308022083,7368658463,4.428614511,-0.2,0
308022101,461629162,9.734630255,0.3,0.3
308022101,2636411771,9.087132447,0.2,0.2
308022101,461629483,9.854318071,-0.3,0
308022850,308022851,11.07708442,0.1,0.1
308022850,7366852210,9.256209608,0.1,0.1
308022850,7366852216,9.10380382,-0.2,0
308022850,461629181,9.67476956,0.3,0.3
308022851,461629182,9.539646899,0.2,0.2
308022851,308022850,11.07708442,-0.1,0
308022851,7366852215,9.104925838,-0.2,0
308022852,308022854,8.729469356,0,0
308022852,7366584693,7.5658966,-0.5,0
308022852,7366584694,11.65129585,0.9,0.9
308022854,2637060815,8.820540201,0,0
308022854,308022852,8.729469356,0,0
308022854,7366584695,11.27932016,0.8,0.8
308022854,7366584692,7.705706819,-0.5,0
443306873,7369034017,12.03952657,0,0
443306873,443306874,12.30141724,0,0
443306873,7369034020,11.1758131,-0.1,0
443306873,443306880,9.751791978,0,0
443306874,7369034019,15.1652004,-0.1,0
443306874,443306880,13.11605554,0,0
443306874,443306873,12.30141724,0,0
443306874,7369034015,15.27580197,0.1,0.1
443306874,7369034014,9.724611247,0.1,0.1
443306880,443306874,13.11605554,0,0
443306880,443306873,9.751791978,0,0
443306880,7369034016,10.09241352,0.1,0.1
443306880,7369034018,11.52499683,-0.1,0
443306889,2187246907,38.00361654,0.7,0.7
443306889,2187246782,40.65859233,1.2,1.2
443306889,2187246718,73.76705727,-4.4,0
443306889,2187246941,58.26222814,3.5,3.5
443306892,13076852505,6.695031725,0.1,0.1
443306892,13076848009,7.856959038,-0.3,0
443306892,13076848008,6.284904873,0.2,0.2
443306892,13076848007,5.405097313,0,0
461629162,2636411768,8.959155206,0.1,0.1
461629162,308022101,9.734630255,-0.3,0
461629162,461629482,10.0448848,-0.2,0
461629162,2636411770,9.670266553,0.2,0.2
461629163,461629482,8.232839925,0.3,0.3
461629163,1704222981,10.18175192,-0.2,0
461629163,10735004295,7.41947247,0.3,0.3
461629163,7368658471,125.0545444,-4.6,0
461629164,308022083,8.858963076,-0.1,0
461629164,7368658462,4.637441663,-0.2,0
461629164,7368658471,8.494667868,0.3,0.3
461629181,7366852211,9.698008484,-0.2,0
461629181,461629182,10.8040955,0,0
461629181,7366852213,9.335306565,0.2,0.2
461629181,308022850,9.67476956,-0.3,0
461629182,7366852212,9.001363249,0.2,0.2
461629182,308022851,9.539646899,-0.2,0
461629182,461629181,10.8040955,0,0
461629311,2139661953,30.64979691,-1.2,0
461629311,6437963396,34.07501367,0.7,0.7
461629311,461629321,105.8624653,6.5,6.5
461629319,2139661954,49.37578657,-1.9,0
461629319,461629321,56.78674782,3.9,3.9
461629319,6437963399,35.56867699,-3.2,0
461629321,1303243391,25.66160141,1.1,1.1
461629321,461629311,105.8624653,-6.5,0
461629321,461629319,56.78674782,-3.9,0
461629482,461629162,10.0448848,0.2,0.2
461629482,461629483,10.05052249,-0.4,0
461629482,2636411766,9.587276084,0.2,0.2
461629482,461629163,8.232839925,-0.3,0
461629483,1704222981,7.857986122,-0.1,0
461629483,461629482,10.05052249,0.4,0.4
461629483,308022101,9.854318071,0.3,0.3
461629489,10721114738,11.46723456,-0.2,0
461629489,461630327,9.318790828,0,0
461629489,461629490,12.36448483,0,0
461629489,10721114737,10.0080672,0,0
461629490,10721114735,11.36169978,-0.2,0
461629490,461629489,12.36448483,0,0
461629490,461630329,9.214255587,0,0
461629490,10721114736,9.773572542,0,0
461629493,461629494,11.64076249,0,0
461629493,10721102917,11.87086437,-0.2,0
461629493,461630334,10.07241515,0,0
461629493,10721102916,9.447122075,0,0
461629494,10721102922,11.74617329,-0.2,0
461629494,461629493,11.64076249,0,0
461629494,461630335,9.21581838,0,0
461629494,10721102915,9.887934681,0,0
461629500,6407306885,136.0375527,-3.8,0
461629500,461630341,9.974757577,0.3,0.3
461629500,739474131,179.6236357,4.3,4.3
461630321,6437962853,69.65555568,0.7,0.7
461630321,2587513205,44.34039893,1,1
461630321,6447935513,109.4427855,-2.8,0
461630327,461629489,9.318790828,0,0
461630327,10721114740,9.119298247,0,0
461630327,10721114739,11.72757422,-0.1,0
461630327,461630329,12.5102692,0,0
461630329,10721114734,11.87879027,-0.2,0
461630329,10721114741,9.728729268,0,0
461630329,461630327,12.5102692,0,0
461630329,461629490,9.214255587,0,0
461630334,10721102918,12.1486628,-0.1,0
461630334,461629493,10.07241515,0,0
461630334,10721102919,8.835216486,0.1,0.1
461630334,461630335,12.24154842,0,0
461630335,10721102920,9.114877627,0.1,0.1
461630335,10721102921,10.80074068,-0.2,0
461630335,461630334,12.24154842,0,0
461630335,461629494,9.21581838,0,0
461630341,461629500,9.974757577,-0.3,0
461630341,1814571403,54.62247947,1.2,1.2
461630402,6405281341,46.50862013,2.4,2.4
461630402,6405281341,150.818739,2.4,2.4
461630402,6407306885,178.8090464,-6.3,0
461630500,7369033998,6.1554498,-0.1,0
461630500,7369033994,5.526420914,0.1,0.1
461630500,2637979826,8.410354386,-0.1,0
461630500,7369034000,8.449621013,-0.1,0
461630504,7369033995,30.70773841,-0.1,0
461630504,7369034001,3.553009997,0,0
461630504,7369033969,3.882041412,0,0
461630504,1303244710,40.65337793,1.7,1.7
461630506,3731552689,28.08936968,-0.7,0
461630506,1303244867,45.26755462,0.9,0.9
461630506,1303243752,90.4284757,4.9,4.9
461630507,1767739964,33.41678661,1.2,1.2
461630507,1303245823,32.94524525,-1.3,0
461630507,7369033892,18.11291955,0.8,0.8
461630509,7369033923,6.155065048,0.1,0.1
461630509,7369033920,6.924317275,-0.1,0
461630509,7369033918,7.18665377,-0.1,0
461630509,461630510,9.34694224,0,0
461630510,7369033919,7.072891145,-0.1,0
461630510,7369033924,6.401436248,0.1,0.1
461630510,7369033925,6.501449817,0,0
461630510,461630509,9.34694224,0,0
461630515,7369033914,4.177317041,-0.1,0
461630515,2187246459,34.48198727,1.7,1.7
461630515,2187246388,48.90343427,-1.2,0
461630515,2187246393,30.16148703,0.6,0.6
461630518,461630519,56.54560613,1.8,1.8
461630518,1303150717,51.2049535,-2.1,0
461630518,2187246875,181.4583714,-0.3,0
461630519,461630518,56.54560613,-1.8,0
461630519,13336225512,68.236029,-6.3,0
461630519,9269014802,85.22242732,0.7,0.7
461630522,7755269992,7.067450258,0.2,0.2
461630522,7755269987,7.736160059,0.2,0.2
730906859,2139634750,55.7492867,0,0
730906859,10732733202,88.75589301,0.4,0.4
730906859,2139628835,52.69036098,0.7,0.7
739474123,916037142,44.44047875,-3,0
739474123,916037148,31.01737622,0.5,0.5
739474123,916037161,117.3232747,-1.6,0
739474123,916037163,203.8404743,2.1,2.1
739474124,5466265990,9.00806971,-0.1,0
739474124,10723431992,155.4124722,-7.2,0
739474124,10721114741,110.6409069,2.7,2.7
739474126,10721102942,7.464233456,0,0
739474126,10721102947,10.45305675,-0.1,0
739474126,10721102943,10.4534576,0.2,0.2
739474126,739474127,8.736097356,0,0
739474127,10721102944,10.60267192,0.2,0.2
739474127,10721102946,10.66265028,-0.1,0
739474127,10721102945,8.407523127,-0.1,0
739474127,739474126,8.736097356,0,0
739474128,10269783371,8.396410472,0,0
739474128,10721114630,10.30817339,-0.1,0
739474128,10269783368,8.619120651,-0.1,0
739474128,10721114631,10.3537321,-0.2,0
739474131,739474132,8.699064838,0,0
739474131,916037137,104.8000937,0.4,0.4
739474131,461629500,179.6236357,-4.3,0
739474131,10946112646,194.1938529,4.8,4.8
739474132,10946112654,3.276949165,0,0
739474132,739474131,8.699064838,0,0
739474132,10946112647,197.4893487,4.8,4.8
739474132,6397662166,58.34646432,-1.5,0
739479974,1484203409,106.3960083,-4.4,0
739479974,1303243780,54.80072887,0.6,0.6
739479974,1484203377,111.2918049,-0.5,0
908108395,908108431,20.46067153,1,1
908108395,908108566,17.02887644,-1,0
908108402,908108431,15.80895117,-1.7,0
908108402,2267232082,87.26248436,-2.5,0
908108408,7924959736,6.675848351,-0.1,0
908108408,7366852173,5.466761385,0,0
908108408,908108580,125.4679329,3,3
908108431,908108402,15.80895117,1.7,1.7
908108431,908108509,121.1577486,-8.2,0
908108431,908108395,20.46067153,-1,0
908108470,7924960102,16.09969837,0.3,0.3
908108470,2637060815,45.86473393,0.5,0.5
908108470,7366584697,5.595655492,0,0
908108509,908108715,93.87757178,-8.5,0
908108509,908108431,121.1577486,8.2,8.2
908108509,908108584,44.35414212,-0.4,0
908108531,9791175836,8.775269236,-0.1,0
908108539,908108719,37.3139768,-1.1,0
908108539,908108783,106.5538917,-8.2,0
908108539,908108602,31.52043985,1,1
908108541,9791175836,55.74252889,0.4,0.4
908108541,908108580,72.86685506,-1.7,0
908108541,2267312397,30.82964319,6.6,6.6
908108559,908108661,34.72429214,4.1,4.1
908108559,908108609,32.9156221,-4,0
908108559,908108799,117.8903363,-3.5,0
908108566,4070586694,36.15247419,-5.4,0
908108566,908108395,17.02887644,1,1
908108580,908108609,35.08727393,2.5,2.5
908108580,908108541,72.86685506,1.7,1.7
908108580,908108408,125.4679329,-3,0
908108584,908108602,9.037979141,-0.1,0
908108584,2267312392,84.72087617,-6.9,0
908108584,908108509,44.35414212,0.4,0.4
908108602,908108584,9.037979141,0.1,0.1
908108602,908108539,31.52043985,-1,0
908108602,11954201559,38.73852667,6.8,6.8
908108609,908108559,32.9156221,4,4
908108609,908108580,35.08727393,-2.5,0
908108609,908108687,34.21523056,2.7,2.7
908108609,7924959734,118.4849401,-3.3,0
908108661,908108796,51.44297753,6.1,6.1
908108661,908108559,34.72429214,-4.1,0
908108661,908108787,96.69267773,-3.7,0
908108687,908108719,116.0732248,10.9,10.9
908108687,908108609,34.21523056,-2.7,0
908108687,908108783,34.70103087,3.8,3.8
908108702,7924959747,20.80670393,0.4,0.4
908108702,7924959749,11.89403388,-0.3,0
908108702,7366584691,5.084449428,-0.1,0
908108715,908108509,93.87757178,8.5,8.5
908108715,2267312397,34.09972322,-1.9,0
908108715,4070586694,79.86068566,9.3,9.3
908108719,908108539,37.3139768,1.1,1.1
908108719,908108687,116.0732248,-10.9,0
908108719,908108796,32.88642829,0.6,0.6
908108751,908108799,33.48452601,4.1,4.1
908108751,7366584691,31.05184974,-2.7,0
908108751,7924959734,22.80561139,0.3,0.3
908108783,908108539,106.5538917,8.2,8.2
908108783,908108687,34.70103087,-3.8,0
908108783,2267312392,32.08161505,2.4,2.4
908108787,908108799,33.19508513,-3.9,0
908108787,908108661,96.69267773,3.7,3.7
908108787,908108796,91.70088202,9.8,9.8
908108796,2267231947,40.93211053,3.8,3.8
908108796,908108661,51.44297753,-6.1,0
908108796,908108719,32.88642829,-0.6,0
908108796,908108787,91.70088202,-9.8,0
908108799,908108787,33.19508513,3.9,3.9
908108799,908108751,33.48452601,-4.1,0
908108799,908108559,117.8903363,3.5,3.5
908108799,4070996685,66.47783934,-6.9,0
916037104,916037148,8.74405516,0,0
916037104,1728169990,29.28512317,0.2,0.2
916037104,10946112647,6.375076699,-0.2,0
916037104,10721102921,146.3990189,3.3,3.3
916037109,916037137,120.2657925,-0.8,0
916037109,916037142,24.02501038,0.3,0.3
916037109,7099852082,68.82443132,3,3
916037137,916037109,120.2657925,0.8,0.8
916037137,916037161,41.00651613,2.5,2.5
916037137,7099851982,120.3492623,-8.3,0
916037137,739474131,104.8000937,-0.4,0
916037137,3732569009,132.3202081,-9.4,0
916037137,7099851983,45.11678725,-9,0
916037142,916037109,24.02501038,-0.3,0
916037142,739474123,44.44047875,3,3
916037142,916037163,91.19423079,5.1,5.1
916037148,916037104,8.74405516,0,0
916037148,739474123,31.01737622,-0.5,0
916037148,10946112646,6.711014613,-0.2,0
916037148,10721102922,146.2220239,3.3,3.3
916037161,739474123,117.3232747,1.6,1.6
916037161,916037137,41.00651613,-2.5,0
916037161,10946118958,50.99261765,3.8,3.8
916037163,916037142,91.19423079,-5.1,0
916037163,7099852082,66.15427315,-2.4,0
916037163,739474123,203.8404743,-2.1,0
916073664,11951566056,4.148561946,0,0
916073664,2637060665,114.9449264,-6.3,0
916073664,916073674,49.66853149,-2.7,0
916073674,10946118960,2.004082936,0.1,0.1
916073674,916073664,49.66853149,2.7,2.7
916073674,916073694,90.70190897,-5.1,0
916073694,10946112654,27.96345354,-0.3,0
916073694,2637060665,45.43014032,1.5,1.5
916073694,2637060665,155.1719757,1.5,1.5
916073694,916073674,90.70190897,5.1,5.1
1302821170,6410720144,1.994280599,-0.1,0
1302821170,13336233260,93.045374,1.8,1.8
1302821170,1471299551,62.16769929,0.3,0.3
1302821179,1302821294,75.86432578,-7.4,0
1302821179,9269422923,104.1919118,-1.6,0
1302821179,1302822664,27.46111365,2.5,2.5
1302821294,1302821179,75.86432578,7.4,7.4
1302821294,2598709711,94.19007475,7.3,7.3
1302821294,9269278419,48.93342167,0.5,0.5
1302821354,9269014617,51.82832474,0,0
1302821354,9269014820,50.83046066,0.7,0.7
1302821354,1302822844,58.22445426,-3,0
1302821354,1302821901,64.5799132,6,6
1302821425,1302822844,99.65275361,-1.8,0
1302821425,2598709700,33.86046712,1,1
1302821431,3803463106,35.79248327,-3.6,0
1302821431,9269072326,17.84472789,1.8,1.8
1302821431,1302822609,44.32618282,-1,0
1302821431,9269072324,74.69702737,1,1
1302821441,9269278419,91.37026177,1.3,1.3
1302821441,1302821453,77.66934697,2.6,2.6
1302821441,1302821664,81.64403025,2.1,2.1
1302821441,9269278333,71.81096433,-5,0
1302821453,9269422923,36.64946243,4,4
1302821453,1302821441,77.66934697,-2.6,0
1302821453,2187247116,54.66423582,0.7,0.7
1302821453,9269278327,121.5234105,-4.8,0
1302821479,9269014809,30.85694071,1.7,1.7
1302821479,3803463102,61.60414659,1.5,1.5
1302821479,1302823149,86.97241407,-1.5,0
1302821479,1302821937,71.65845779,1.4,1.4
1302821559,1471065423,6.512546318,0.5,0.5
1302821559,9269014619,32.00745525,-2.3,0
1302821559,1302821901,121.0154562,2.3,2.3
1302821664,1302822154,86.23694145,-3.4,0
1302821664,1302821441,81.64403025,-2.1,0
1302821747,9269278679,31.43959766,-1.2,0
1302821747,9269278677,39.86730963,1.9,1.9
1302821812,9269014613,41.05037774,0.7,0.7
1302821812,1302822442,61.9409306,-3.8,0
1302821812,3803463106,23.17779217,2.3,2.3
1302821823,9269422105,42.4979114,2.8,2.8
1302821823,13076852447,157.7684655,-14.1,0
1302821823,9269422091,10.846807,-0.5,0
1302821823,1471065594,51.73042898,1,1
1302821901,9269014615,43.52589314,-0.8,0
1302821901,3803463107,26.0157529,2.6,2.6
1302821901,1302821559,121.0154562,-2.3,0
1302821901,1302821354,64.5799132,-6,0
1302821907,1302822872,14.69047146,0,0
1302821907,13076852407,4.861545321,0,0
1302821907,2187247175,60.32309407,-0.9,0
1302821937,9269014825,25.84829835,0.6,0.6
1302821937,9269014823,38.16688085,2.3,2.3
1302821937,1302821479,71.65845779,-1.4,0
1302822001,9269278333,59.5974963,1.4,1.4
1302822001,2187247169,35.95406953,-0.6,0
1302822001,1302822154,81.0308616,5.1,5.1
1302822001,9269278329,39.62252404,0.8,0.8
1302822038,1302822618,47.64831792,-3.9,0
1302822038,9269422091,53.0134246,4.8,4.8
1302822038,2187247175,55.12398813,3.6,3.6
1302822154,1302821664,86.23694145,3.4,3.4
1302822154,1302822001,81.0308616,-5.1,0
1302822154,9269278677,128.9695805,-10.2,0
1302822187,1457663906,70.79872518,-4.4,0
1302822332,9269014619,26.23042,1.9,1.9
1302822332,13076848004,6.551008077,-0.5,0
1302822332,13076848002,5.248837549,0.1,0.1
1302822442,1302822678,47.68948799,0.3,0.3
1302822442,9269014617,52.24063739,-0.4,0
1302822442,2598709700,27.70740859,-0.6,0
1302822442,1302821812,61.9409306,3.8,3.8
1302822609,1302822678,115.9353531,-8.4,0
1302822609,1471065529,118.0926129,1.1,1.1
1302822609,1302821431,44.32618282,1,1
1302822618,9269278679,37.29877672,1.1,1.1
1302822618,1302822038,47.64831792,3.9,3.9
1302822664,1303151724,32.89029221,-2.4,0
1302822664,1457663906,98.7427023,1.4,1.4
1302822664,1302821179,27.46111365,-2.5,0
1302822664,2187247140,115.7314871,-4,0
1302822678,1302822609,115.9353531,8.4,8.4
1302822678,1302822442,47.68948799,-0.3,0
1302822678,1302823140,99.06691167,0.8,0.8
1302822844,1302821425,99.65275361,1.8,1.8
1302822844,9269014825,58.00463025,-1.3,0
1302822844,1302821354,58.22445426,3,3
1302822872,2187247169,38.18300989,0.3,0.3
1302822872,1302821907,14.69047146,0,0
1302822872,9269423103,5.388954124,0.1,0.1
1302823040,9269072328,37.74590873,-2.6,0
1302823040,1471065539,8.301469976,0.4,0.4
1302823040,2187247134,40.69498076,-1.7,0
1302823084,13076852448,8.451008435,-0.1,0
1302823084,13076852447,6.445531656,-0.1,0
1302823084,1302823140,68.01453292,3,3
1302823140,1302823084,68.01453292,-3,0
1302823140,1302822678,99.06691167,-0.8,0
1302823140,9269072332,54.32739629,3.5,3.5
1302823149,1302821479,86.97241407,1.5,1.5
1302823149,1471299551,37.61393352,0.1,0.1
1303149867,2187246707,35.44341429,0.5,0.5
1303149867,2187246723,37.38201313,-0.2,0
1303149867,1303150361,23.63254902,0.4,0.4
1303149867,1303151833,116.2147306,1.4,1.4
1303149919,2187246987,36.51020478,2.7,2.7
1303149919,1303151197,41.37961186,1.3,1.3
1303149919,1303151833,85.14141022,-2.4,0
1303149938,3800772443,31.32460711,0.4,0.4
1303149938,7369033908,50.04411811,-0.6,0
1303149938,1303152180,121.9155276,10.1,10.1
1303149946,1303149975,51.31959959,4.6,4.6
1303149946,7366852207,23.43725737,-0.4,0
1303149946,7366852178,4.10676416,-0.1,0
1303149975,1303149946,51.31959959,-4.6,0
1303149975,7366852177,3.569226416,0,0
1303149975,1303150950,49.32759379,4.8,4.8
1303150040,2187246782,96.30496595,7.2,7.2
1303150040,1303152303,36.10069925,0.7,0.7
1303150040,1303151168,32.2726816,-0.6,0
1303150220,1303151405,91.29488439,-2,0
1303150220,1303151172,55.6156646,3.8,3.8
1303150220,7366844986,136.1723938,-6.8,0
1303150361,2187246760,39.51524662,0.9,0.9
1303150361,1303149867,23.63254902,-0.4,0
1303150361,2187246854,23.70321922,0.7,0.7
1303150582,2187246969,51.43212778,3,3
1303150582,2267296176,3.549240819,0.1,0.1
1303150582,7366852178,92.26397552,-3.6,0
1303150613,1303152965,59.90926961,1.1,1.1
1303150613,1303152231,117.1843843,10.8,10.8
1303150613,2187246854,54.61844473,-3.8,0
1303150656,2187246987,34.70872501,-3,0
1303150656,2187247049,44.09245243,0.3,0.3
1303150656,2187247102,33.44301595,2.6,2.6
1303150656,2187247005,88.22939671,-1.3,0
1303150678,4020938306,32.93870391,2.3,2.3
1303150678,1303153103,40.27000703,-0.7,0
1303150678,2187246948,40.6022032,1.2,1.2
1303150717,461630518,51.2049535,2.1,2.1
1303150717,2187246739,48.1310636,-1.9,0
1303150717,2187246875,119.5913696,1.8,1.8
1303150794,1303152408,43.36945644,0.7,0.7
1303150794,1303151961,63.22722305,-0.7,0
1303150794,2187246864,98.49969582,-6,0
1303150794,1303153103,58.71825676,-1.9,0
1303150802,1303152724,36.2118578,2.8,2.8
1303150802,1303150921,38.18302971,-4.3,0
1303150802,1303152065,84.66226541,9.4,9.4
1303150833,7369034027,7.95252945,0,0
1303150833,7369034033,7.721447629,0,0
1303150833,7369034025,7.124622731,0.1,0.1
1303150833,7369034030,6.876671395,0,0
1303150908,2187246721,37.70746583,-0.8,0
1303150908,2187246677,37.21005082,-0.4,0
1303150908,1303151798,85.80565159,4.3,4.3
1303150908,2187246832,33.54157785,-0.8,0
1303150921,3730509318,46.80689991,2.9,2.9
1303150921,1303150802,38.18302971,4.3,4.3
1303150921,1303152517,75.5475373,5.9,5.9
1303150950,7406094168,4.250824319,0,0
1303150950,1303151690,44.08809615,4.2,4.2
1303150950,1303149975,49.32759379,-4.8,0
1303151168,1303150040,32.2726816,0.6,0.6
1303151168,3800772440,69.76143668,2.4,2.4
1303151168,2187246691,63.88754488,5.1,5.1
1303151168,3800772443,58.47468569,-2.2,0
1303151172,1303150220,55.6156646,-3.8,0
1303151172,1457663906,31.0404741,1.6,1.6
1303151172,1303151724,94.11201469,-2.2,0
1303151197,2187247049,72.77767574,4.7,4.7
1303151197,2187246921,34.38235124,1.5,1.5
1303151197,1303149919,41.37961186,-1.3,0
1303151197,2187246864,33.55191681,1.2,1.2
1303151281,3731572075,9.003910035,0.1,0.1
1303151281,10736725900,5.042328334,0,0
1303151281,7369033897,6.609897675,0,0
1303151285,7369034024,5.566148144,0,0
1303151285,7369034025,115.34758,-2.9,0
1303151285,7369034023,7.073362059,0,0
1303151285,2187246349,78.7278668,-3.4,0
1303151393,2187246602,57.56172374,3.9,3.9
1303151393,1303151529,27.42167286,-1.4,0
1303151393,2637060829,96.72585949,2.5,2.5
1303151405,1303151724,46.89641504,3.6,3.6
1303151405,1303150220,91.29488439,2,2
1303151405,2598709682,38.25775439,-2,0
1303151405,1303151690,49.52250849,-4.9,0
1303151435,1303152180,33.83296517,1.7,1.7
1303151435,3800772439,32.36999084,-2.1,0
1303151435,1303152724,122.2790407,-2.8,0
1303151435,3800772440,70.06303469,-3.4,0
1303151529,1303151393,27.42167286,1.4,1.4
1303151529,2637060829,43.20512181,3.9,3.9
1303151529,2187246824,29.78852017,-0.5,0
1303151529,2187246549,131.7601729,-5.3,0
1303151563,2267232000,39.50831313,1.2,1.2
1303151563,2267231989,62.16839228,3.8,3.8
1303151563,4020938309,163.7192202,-3.7,0
1303151619,2598709682,40.20606885,3.6,3.6
1303151619,2187247066,42.70880186,-2.2,0
1303151619,7406094168,113.3118568,-3.5,0
1303151690,7366844987,3.546605871,0.1,0.1
1303151690,7366844986,6.244146347,0.1,0.1
1303151690,1303151405,49.52250849,4.9,4.9
1303151690,1303150950,44.08809615,-4.2,0
1303151694,10736725828,4.84972979,0,0
1303151719,7369033908,14.94887242,0.1,0.1
1303151719,7369033897,40.0642731,-1.2,0
1303151719,1303152065,206.1370662,12.9,12.9
1303151724,1302822664,32.89029221,2.4,2.4
1303151724,1303151405,46.89641504,-3.6,0
1303151724,2187247114,117.6244422,-8.6,0
1303151724,1303151172,94.11201469,2.2,2.2
1303151740,2187246941,69.46977292,-5.2,0
1303151740,2187247054,54.39855809,0.1,0.1
1303151740,2187247085,57.46809352,0.7,0.7
1303151740,13076848008,30.23092446,0.6,0.6
1303151798,2187246779,13.22501651,0.6,0.6
1303151798,2187246864,32.43460026,-1.3,0
1303151798,1303150908,85.80565159,-4.3,0
1303151801,4070953856,3.93692874,-0.1,0
1303151801,7366852027,29.47369718,-0.8,0
1303151801,2187246824,40.67070388,2,2
1303151802,3800772433,31.17084627,-1,0
1303151802,1303152517,32.07968791,-0.5,0
1303151802,1303152724,45.48043544,0.7,0.7
1303151833,1303149919,85.14141022,2.4,2.4
1303151833,1303149867,116.2147306,-1.4,0
1303151833,2187246937,35.97188674,2.3,2.3
1303151833,2187246832,36.43863002,1.1,1.1
1303151885,2187246989,56.09992593,1.7,1.7
1303151885,2187246918,36.23222065,-2,0
1303151885,2187246898,33.39860728,0.4,0.4
1303151885,2187246705,98.68695949,0.2,0.2
1303151961,2187246598,60.54250856,0.4,0.4
1303151961,1303150794,63.22722305,0.7,0.7
1303151961,2187246661,44.25622484,-0.3,0
1303152028,7369034022,6.534477428,0.1,0.1
1303152028,7369034014,41.91157987,-2.6,0
1303152028,2187246349,18.53030704,1.1,1.1
1303152065,1303152180,35.17612563,-2.1,0
1303152065,1303151719,206.1370662,-12.9,0
1303152065,1303150802,84.66226541,-9.4,0
1303152180,1303151435,33.83296517,-1.7,0
1303152180,1303152065,35.17612563,2.1,2.1
1303152180,1303149938,121.9155276,-10.1,0
1303152201,3731572076,30.88619727,0.8,0.8
1303152201,10736725922,33.10200085,0.5,0.5
1303152201,4070941289,38.85211793,-2.4,0
1303152231,1303150613,117.1843843,-10.8,0
1303152231,9269072326,30.43087892,-1.3,0
1303152231,2187247085,60.34265443,-1.4,0
1303152231,2187247134,124.2435396,-0.6,0
1303152303,1303150040,36.10069925,-0.7,0
1303152303,2187246718,24.36093557,0.9,0.9
1303152303,2187246723,39.88598552,0.2,0.2
1303152303,7369034030,114.4371478,0.4,0.4
1303152385,2187247080,24.0814921,1.3,1.3
1303152385,2187247042,60.1526475,-5,0
1303152385,2187246948,70.6899841,-5,0
1303152408,1303150794,43.36945644,-0.7,0
1303152408,2187246598,59.95445346,-1,0
1303152408,2187246779,66.53883197,-4.8,0
1303152517,1303151802,32.07968791,0.5,0.5
1303152517,4699680469,39.20498504,-4.1,0
1303152517,1303150921,75.5475373,-5.9,0
1303152657,7366852206,7.298962971,-0.2,0
1303152657,7366852198,6.251726829,0.2,0.2
1303152657,7366852207,7.794239756,0.1,0.1
1303152700,2187247066,6.48390989,0,0
1303152700,1303152736,116.743057,-6.3,0
1303152700,2187246964,60.26752132,-4.2,0
1303152724,1303150802,36.2118578,-2.8,0
1303152724,3800772438,30.791081,0.9,0.9
1303152724,1303151435,122.2790407,2.8,2.8
1303152724,1303151802,45.48043544,-0.7,0
1303152736,1303152700,116.743057,6.3,6.3
1303152736,2187246871,52.77706486,-4.7,0
1303152736,2187247110,133.1608471,8.7,8.7
1303152765,2187246451,64.41188489,-6.1,0
1303152765,6394962503,53.1559357,-9.7,0
1303152765,2187246602,63.21839722,1.8,1.8
1303152777,7366845051,53.72428769,-3.7,0
1303152777,7366852005,8.633435583,0.1,0.1
1303152777,7366852004,4.063235777,-0.1,0
1303152777,7366852002,54.72597175,3.9,3.9
1303152965,2187247005,37.35600263,2.2,2.2
1303152965,1303150613,59.90926961,-1.1,0
1303152965,2187246937,32.72887256,-2.3,0
1303152965,2187247087,110.9528537,5.8,5.8
1303152967,2187246918,34.60584196,1.7,1.7
1303152967,2637060829,31.34121864,-3.2,0
1303152967,2187247015,61.54141138,3.9,3.9
1303153103,1303150678,40.27000703,0.7,0.7
1303153103,2187246921,69.62533585,-3.8,0
1303153103,1303150794,58.71825676,1.9,1.9
1303243302,1303245196,6.437625421,0,0
1303243302,1303243326,42.39381971,-0.3,0
1303243302,1303244705,92.3872604,-0.4,0
1303243302,10736725995,44.35849102,-2,0
1303243309,1303244678,44.57760649,0.1,0.1
1303243309,2039371183,46.51234257,-0.2,0
1303243311,1303244649,38.85922074,1.6,1.6
1303243311,1303245831,24.75366769,-0.2,0
1303243311,1303244612,89.90521222,-2,0
1303243326,10736725999,5.825414367,0.2,0.2
1303243326,1303244705,139.6336057,-0.1,0
1303243326,1303245431,67.47964628,-1,0
1303243326,1303243302,42.39381971,0.3,0.3
1303243330,1303243700,45.3151309,-0.3,0
1303243330,1303244151,103.295097,1.1,1.1
1303243330,1303243765,78.44045089,-1.1,0
1303243330,1303245251,165.8286241,1.6,1.6
1303243337,2598709650,45.43159675,2.7,2.7
1303243337,1303245801,94.28895554,-3.1,0
1303243337,6957360462,45.00538943,3.2,3.2
1303243353,1484203358,33.47912808,-1.3,0
1303243353,1303245961,45.86274954,1.2,1.2
1303243353,10794673123,26.87911069,-1.8,0
1303243353,1303244466,175.9332363,9.6,9.6
1303243388,7368660750,8.88703297,0,0
1303243388,2587567973,41.86316547,0.9,0.9
1303243388,1303243654,33.46738828,-0.4,0
1303243391,6452310945,28.56900861,-1.3,0
1303243391,6447149351,22.40803157,0.8,0.8
1303243391,6447149352,14.63161045,0.1,0.1
1303243391,461629321,25.66160141,-1.1,0
1303243402,1303244310,5.72439798,0,0
1303243402,1303245968,212.5031331,-2.3,0
1303243402,7368660730,199.6274068,4.9,4.9
1303243402,1303246106,29.75453283,-0.3,0
1303243421,1303245715,37.52282894,-0.5,0
1303243421,1303243513,122.7139505,1.3,1.3
1303243421,1303246004,114.450746,2.3,2.3
1303243426,1303245354,95.8856669,-6.9,0
1303243426,1303244585,29.33827097,0.1,0.1
1303243426,2139644691,30.72717197,-0.3,0
1303243438,7369033951,2.883715598,-0.1,0
1303243438,1303243761,45.14138289,1.4,1.4
1303243438,3730545051,28.90528354,-0.9,0
1303243470,1303245431,43.86129568,1.6,1.6
1303243470,1303245728,99.48608513,-4.5,0
1303243470,1303245196,89.02853382,2.9,2.9
1303243470,1303245006,22.21060057,-1.4,0
1303243471,1303244238,50.98367893,-2.8,0
1303243471,7369027662,72.86331135,-3.8,0
1303243471,2636411765,26.68307223,1,1
1303243471,7368658453,6.611735109,0.3,0.3
1303243477,1767739956,33.61145044,0.8,0.8
1303243477,7369033893,31.56815354,-0.6,0
1303243477,1767739963,61.66692646,-3.1,0
1303243492,1303245004,157.1211252,7.5,7.5
1303243492,1303246265,36.09846002,-0.3,0
1303243492,1303244494,36.15504224,0.3,0.3
1303243513,1303243421,122.7139505,-1.3,0
1303243513,1303245797,56.84128738,-2.9,0
1303243513,1303246004,54.94938232,1,1
1303243541,1303245572,71.78052151,-2.9,0
1303243541,1303245799,41.86476122,0.9,0.9
1303243541,2637060790,27.46540591,0.6,0.6
1303243558,7368660676,116.9684291,-2,0
1303243558,7368658439,2.890441588,0,0
1303243558,1303244370,48.72771457,0.5,0.5
1303243568,7369033978,112.3594073,-2,0
1303243568,1303246134,13.83216274,0,0
1303243568,1303243719,50.28823918,-0.9,0
1303243582,2616953961,3.600046819,-0.1,0
1303243582,1303244269,111.935495,-2.5,0
1303243582,1303246369,28.96914766,0.5,0.5
1303243610,1303246100,12.18185523,0.2,0.2
1303243610,1303246134,39.22790674,-2.5,0
1303243610,1303243821,59.31986549,-1.8,0
1303243623,1303243880,42.1272284,1.7,1.7
1303243623,2587513288,39.3952677,-1.2,0
1303243623,7368660747,4.020966378,0,0
1303243623,7368660742,3.66284368,0,0
1303243643,10896026882,44.13892871,-2.4,0
1303243643,1303245930,39.12559228,-0.9,0
1303243643,1303244423,120.5850734,3.8,3.8
1303243645,1303246028,34.94808186,2.3,2.3
1303243645,2598709650,17.35021087,-1.2,0
1303243645,2574341576,109.8040945,4.8,4.8
1303243654,4070953801,8.036444579,-0.1,0
1303243654,7366852170,31.11311546,-0.1,0
1303243654,1303243388,33.46738828,0.4,0.4
1303243656,10736725951,7.397425649,0,0
1303243656,2261867052,7.319826195,0,0
1303243656,10736725952,5.315458487,-0.1,0
1303243656,10736725954,7.059826442,0.2,0.2
1303243660,7368660623,25.73542206,-0.8,0
1303243660,1303244213,26.52135486,1.3,1.3
1303243660,2267294195,21.55207174,-0.8,0
1303243664,1303244958,43.54953971,1.8,1.8
1303243664,7368660640,85.03701745,-0.7,0
1303243664,1303245219,69.01347319,1.2,1.2
1303243668,1303243700,46.66664089,0.2,0.2
1303243668,1303244820,29.76022926,-1,0
1303243668,10730038655,99.06022548,0.5,0.5
1303243668,2268370400,66.67890598,0.3,0.3
1303243670,1303245665,33.61830079,-1.6,0
1303243670,1303245930,38.20599133,-2.3,0
1303243670,2136811578,35.45710017,1.2,1.2
1303243680,7099851946,8.393363994,0.1,0.1
1303243680,7099851996,46.0107068,0,0
1303243680,1303245942,24.92005544,0.1,0.1
1303243680,5228128339,17.56478921,0.5,0.5
1303243700,1303243330,45.3151309,0.3,0.3
1303243700,1303243668,46.66664089,-0.2,0
1303243700,1303244084,67.51656563,0.3,0.3
1303243700,1303245251,118.1587514,1.9,1.9
1303243719,7369033980,108.8485969,-0.6,0
1303243719,3730509319,9.61212206,0.1,0.1
1303243719,1303243568,50.28823918,0.9,0.9
1303243724,1303244391,30.55736694,-2.5,0
1303243724,1303245533,33.38449028,2.9,2.9
1303243724,2268371105,138.3706572,2.4,2.4
1303243746,6449408276,26.87154763,1.3,1.3
1303243746,1303244792,73.58433621,-2.2,0
1303243746,2558496350,21.28231548,-4.7,0
1303243747,1303246048,47.11061344,-0.3,0
1303243747,1303245638,46.74973525,0.2,0.2
1303243747,7369033975,1.303568053,0,0
1303243752,7369033959,2.913723534,0,0
1303243752,461630506,90.4284757,-4.9,0
1303243752,1303245512,73.33863886,0.6,0.6
1303243761,7369033948,2.989733664,0,0
1303243761,1303246306,45.0235204,1.4,1.4
1303243761,1303243438,45.14138289,-1.4,0
1303243765,2268371105,23.42313969,-1,0
1303243765,1303245533,94.92641288,-0.5,0
1303243765,1303243330,78.44045089,1.1,1.1
1303243768,1303245082,84.02883156,-2.7,0
1303243768,1303244678,210.7666758,-3.1,0
1303243768,10836967620,51.1557239,-2.7,0
1303243780,2136813798,42.65182788,2.9,2.9
1303243780,2139656835,23.94122382,-0.1,0
1303243780,739479974,54.80072887,-0.6,0
1303243821,7369033934,69.49354275,-4.3,0
1303243821,1303243610,59.31986549,1.8,1.8
1303243821,7369033937,92.88565044,-2.5,0
1303243857,2268363060,34.66810119,2,2
1303243857,1303244585,99.26378192,6.1,6.1
1303243857,2268363057,5.71775614,0.1,0.1
1303243862,6452247842,37.1569331,-3.3,0
1303243862,6452247882,13.23820235,0.6,0.6
1303243862,1303244599,15.61616857,1,1
1303243874,3732569002,41.668182,-0.9,0
1303243874,1303244900,112.4995733,7.1,7.1
1303243874,7099852009,18.96286239,-0.6,0
1303243880,1303244265,46.0136625,1.4,1.4
1303243880,1303243623,42.1272284,-1.7,0
1303243880,7368660745,3.466449369,0,0
1303243880,7368660740,2.877123437,0,0
1303243904,1303246207,65.87504528,4,4
1303243904,10736725951,26.86661579,-0.3,0
1303243904,1303244211,46.22452265,2.7,2.7
1303243904,1303246044,161.353187,1.6,1.6
1303243928,7368660676,4.187062793,-0.1,0
1303243928,1303246463,29.00580044,-1.2,0
1303243928,2162438537,30.49413005,1.2,1.2
1303243958,1303244401,15.24050434,-0.6,0
1303243958,7369027671,3.257958568,0,0
1303243958,2588145184,83.97607089,1.2,1.2
1303243998,7369033942,4.373114205,-0.1,0
1303243998,7369033892,6.253438503,-0.3,0
1303243998,3730545045,12.34503697,0.5,0.5
1303244001,1303244183,138.5092114,3.7,3.7
1303244001,1303244494,36.23571641,-0.3,0
1303244001,1303244181,165.5127946,1.9,1.9
1303244009,1303244036,14.96535552,0.2,0.2
1303244009,1303245549,71.03346612,-0.8,0
1303244009,7369033969,105.2555618,-6.9,0
1303244036,7369033948,84.3151161,-4.8,0
1303244036,1303244009,14.96535552,-0.2,0
1303244036,1303246335,48.10280848,-1,0
1303244080,10750743309,63.62702246,-0.6,0
1303244080,2267294265,25.97450799,0.9,0.9
1303244080,2267294225,85.03252943,0.5,0.5
1303244080,1303244833,35.58396781,-1,0
1303244084,2268370402,41.55842025,0.2,0.2
1303244084,1303243700,67.51656563,-0.3,0
1303244084,2268370400,45.0620358,-0.2,0
1303244135,6394962485,30.21769203,0,0
1303244135,10738679163,92.97004297,-0.5,0
1303244135,1303244402,115.2853681,0.3,0.3
1303244135,1303246216,64.82748316,0.3,0.3
1303244149,2587513258,89.39312191,-1.5,0
1303244149,2616953970,89.49485824,-5,0
1303244149,2558452287,5.374054652,0.1,0.1
1303244151,1303245533,35.72671273,-2.7,0
1303244151,1303244967,31.51568665,0.3,0.3
1303244151,1303243330,103.295097,-1.1,0
1303244168,1767739969,66.17378434,-3.4,0
1303244168,7369033893,3.758082598,0.1,0.1
1303244168,1303245263,45.97727922,-2,0
1303244179,1767473943,44.55586737,-2.1,0
1303244179,1303244973,49.22048004,2.8,2.8
1303244179,7368660745,98.30362362,4.2,4.2
1303244181,1303244183,45.92804764,1.8,1.8
1303244181,1303244001,165.5127946,-1.9,0
1303244181,1767739953,29.83863862,-1.6,0
1303244183,1303244181,45.92804764,-1.8,0
1303244183,1303244001,138.5092114,-3.7,0
1303244183,4070880057,34.28708537,-0.2,0
1303244186,1303246399,44.52856361,-0.8,0
1303244186,1303246335,8.162835541,0.1,0.1
1303244186,7369033966,84.07198791,-4.4,0
1303244211,1303245006,38.97682603,2.6,2.6
1303244211,1303246044,105.4347761,-1.1,0
1303244211,1303243904,46.22452265,-2.7,0
1303244211,1303245698,67.32539788,3.8,3.8
1303244213,1303243660,26.52135486,-1.3,0
1303244213,2267294203,28.37281604,0.3,0.3
1303244213,7368660625,44.58862683,-0.2,0
1303244213,1303244833,59.75909673,2.3,2.3
1303244225,1303245968,32.17252673,0.3,0.3
1303244225,1303245572,59.67954124,-1,0
1303244225,1303245799,75.66578638,2.8,2.8
1303244238,1303243471,50.98367893,2.8,2.8
1303244238,1303244921,41.26892606,-2.5,0
1303244238,7369027665,89.82462488,-3.9,0
1303244259,2552572584,42.1847305,2.4,2.4
1303244259,7099851936,12.18416809,-0.5,0
1303244259,1303245838,61.17391509,1.7,1.7
1303244265,7368660743,4.350502754,0,0
1303244265,1303243880,46.0136625,-1.4,0
1303244265,1303245332,38.35742689,1.6,1.6
1303244266,2267294225,15.8440776,-0.5,0
1303244266,2267294265,106.7414885,-0.1,0
1303244266,7368660636,83.12405859,-5.9,0
1303244269,2587567925,3.125888504,0,0
1303244269,7099851935,44.59460885,-1.3,0
1303244269,1303243582,111.935495,2.5,2.5
1303244285,1303246453,126.4467121,10,10
1303244285,1303245670,45.99589981,-0.7,0
1303244285,1303245961,45.8181783,1,1
1303244310,1303243402,5.72439798,0,0
1303244310,1303245107,30.95472032,0.2,0.2
1303244310,6447935513,55.66892077,1.3,1.3
1303244310,1303244396,215.2437113,-2.1,0
1303244324,2587513288,6.685545339,0,0
1303244324,2587513268,74.86796539,-1.6,0
1303244324,2587567967,260.2083144,0.3,0.3
1303244343,7368660625,3.821079437,-0.1,0
1303244343,1303245243,36.3439602,1.7,1.7
1303244343,1303245332,37.28911171,-2,0
1303244370,7368660684,118.0826798,-0.6,0
1303244370,7368658440,2.908554155,0.1,0.1
1303244370,1303243558,48.72771457,-0.5,0
1303244391,1303243724,30.55736694,2.5,2.5
1303244391,2268363053,15.43425039,-0.9,0
1303244391,9983573435,24.40210848,1.2,1.2
1303244394,6957360464,4.484371357,-0.1,0
1303244394,2588145189,5.533264939,-0.1,0
1303244394,2588145184,4.781364517,0.2,0.2
1303244394,10750698995,4.459621784,-0.2,0
1303244396,1303245396,33.79025836,0.4,0.4
1303244396,1303245968,6.2167262,-0.2,0
1303244396,1303244310,215.2437113,2.1,2.1
1303244396,10721114739,310.0115671,-3.1,0
1303244398,1303244497,136.7437651,1.1,1.1
1303244398,1303245082,42.9089914,-3.5,0
1303244398,5587339790,22.45267709,1.4,1.4
1303244401,7368660692,4.098782212,0,0
1303244401,1303245218,63.52953361,-2.2,0
1303244401,1303243958,15.24050434,0.6,0.6
1303244402,1303245728,44.19252398,-3.4,0
1303244402,1303245431,100.1680623,2.7,2.7
1303244402,4070941295,31.31737129,-0.4,0
1303244402,1303244135,115.2853681,-0.3,0
1303244403,7369027660,4.044216964,0,0
1303244403,7366852025,4.52223268,0,0
1303244403,7366852026,4.059712879,0,0
1303244403,1303245724,47.84450595,2.2,2.2
1303244403,1767473942,32.77398959,-0.2,0
1303244404,2587567965,4.83153312,-0.1,0
1303244404,2587567974,9.08489271,-0.1,0
1303244404,2587567973,4.939997971,-0.1,0
1303244404,2587567967,6.028490867,0.1,0.1
1303244406,10738679163,21.50671913,0.2,0.2
1303244406,1303246216,133.5400234,1,1
1303244406,10736137355,50.98999591,-0.3,0
1303244423,1303244649,21.88859696,-1.1,0
1303244423,2268370369,14.21687419,0.3,0.3
1303244423,1303243643,120.5850734,-3.8,0
1303244447,6957360462,3.617703503,-0.1,0
1303244447,10750698991,3.826620669,-0.1,0
1303244447,1303245173,28.75014148,0.2,0.2
1303244447,1303246059,46.51030645,-1.7,0
1303244466,1303245961,127.280548,-8.4,0
1303244466,1303243353,175.9332363,-9.6,0
1303244466,2268370389,6.544361112,0,0
1303244494,1303243492,36.15504224,-0.3,0
1303244494,1303244001,36.23571641,0.3,0.3
1303244494,2636411764,158.1506143,6.5,6.5
1303244497,1484203358,29.92877655,1,1
1303244497,1303244398,136.7437651,-1.1,0
1303244497,8796851737,7.946243766,0,0
1303244500,1303246106,74.62827248,-1.5,0
1303244500,2552572584,25.78237823,-1.4,0
1303244500,2552572602,20.85030448,1.3,1.3
1303244551,1303244943,21.87613466,0.1,0.1
1303244551,1303245396,113.0386711,-4.5,0
1303244551,2552572600,24.7601936,0.1,0.1
1303244585,1303243857,99.26378192,-6.1,0
1303244585,1303246444,44.36724502,0.2,0.2
1303244585,1303245687,44.39862828,-0.8,0
1303244585,1303243426,29.33827097,-0.1,0
1303244587,1704650216,8.654280677,0.1,0.1
1303244587,2555242487,38.07458167,-1.7,0
1303244587,2587513270,46.52070707,-0.7,0
1303244599,6452247882,16.06310836,-0.4,0
1303244599,1303243862,15.61616857,-1,0
1303244599,1303246493,113.1028822,3.4,3.4
1303244612,1303245930,34.1391976,0,0
1303244612,1303245665,44.72562556,0.7,0.7
1303244612,1303244649,100.5921101,3.6,3.6
1303244612,1303243311,89.90521222,2,2
1303244623,2574372159,30.76401252,-0.4,0
1303244623,1303246232,26.82211766,0.2,0.2
1303244623,4070941422,5.699153379,0.1,0.1
1303244623,7369034003,147.3493973,-3.3,0
1303244649,1303243311,38.85922074,-1.6,0
1303244649,1303244423,21.88859696,1.1,1.1
1303244649,1303244612,100.5921101,-3.6,0
1303244654,2564615216,6.757480769,-0.1,0
1303244654,1303244922,42.25141322,-0.3,0
1303244654,2587513216,66.86143195,0.6,0.6
1303244668,1303246491,47.9546721,-2.3,0
1303244668,1303245745,91.59323073,0.7,0.7
1303244668,1303244705,40.51310786,2.3,2.3
1303244678,1303243309,44.57760649,-0.1,0
1303244678,1303243768,210.7666758,3.1,3.1
1303244683,10736725944,7.146408295,0,0
1303244683,2261866984,7.524339724,0.1,0.1
1303244683,10736725967,9.997620834,0.2,0.2
1303244683,10736725963,9.764836592,-0.3,0
1303244705,1303244668,40.51310786,-2.3,0
1303244705,1303243302,92.3872604,0.4,0.4
1303244705,1303243326,139.6336057,0.1,0.1
1303244710,7369033966,4.417682542,-0.1,0
1303244710,1303245512,40.19043669,2.5,2.5
1303244710,461630504,40.65337793,-1.7,0
1303244716,7368660615,3.87899473,-0.1,0
1303244716,1303244918,101.2050599,-1.8,0
1303244716,1303246290,85.26790824,2.5,2.5
1303244738,1303245792,32.67170875,0.4,0.4
1303244738,10937054770,6.900302055,-0.1,0
1303244738,1303244967,93.91909576,7.1,7.1
1303244792,2558496348,2.673740375,0,0
1303244792,1704650185,114.4056367,-4.8,0
1303244792,1303243746,73.58433621,2.2,2.2
1303244820,1303243668,29.76022926,1,1
1303244820,1303245396,35.76077357,-1.9,0
1303244820,1303245892,108.787341,1.2,1.2
1303244820,1303244943,129.6194231,2.7,2.7
1303244833,7368660627,65.1432104,-0.7,0
1303244833,1303244213,59.75909673,-2.3,0
1303244833,1303244080,35.58396781,1,1
1303244867,7369033954,2.872745874,-0.1,0
1303244867,3730545051,16.13599359,0.4,0.4
1303244867,461630506,45.26755462,-0.9,0
1303244900,3731552689,112.9073923,0.4,0.4
1303244900,1303243874,112.4995733,-7.1,0
1303244900,3803655172,175.9778446,7.4,7.4
1303244915,2136811387,53.69499007,3.6,3.6
1303244915,10794673132,33.13782659,-1.4,0
1303244915,2136813056,119.2195249,-2.5,0
1303244918,7368660612,4.035691219,0,0
1303244918,1767727210,213.415104,-10.6,0
1303244918,1303244716,101.2050599,1.8,1.8
1303244919,7366852029,7.972444369,-0.2,0
1303244919,7366852034,6.350312611,0.1,0.1
1303244919,7366852027,4.369640664,0.1,0.1
1303244919,2187246674,9.042870873,-0.2,0
1303244921,1303244238,41.26892606,2.5,2.5
1303244921,7369027660,111.6252805,-3.6,0
1303244921,1767739953,29.51002273,0.1,0.1
1303244922,2587513239,6.619096209,0,0
1303244922,1303244654,42.25141322,0.3,0.3
1303244922,2587513255,39.98597719,1.5,1.5
1303244943,1303245251,30.25205875,0.4,0.4
1303244943,1303244551,21.87613466,-0.1,0
1303244943,1303244820,129.6194231,-2.7,0
1303244958,1303243664,43.54953971,-1.8,0
1303244958,7368660643,85.3189016,-4.2,0
1303244958,2267294297,106.9665879,-0.5,0
1303244967,2139644691,30.31219132,0.3,0.3
1303244967,1303244151,31.51568665,-0.3,0
1303244967,1303244738,93.91909576,-7.1,0
1303244967,1303245687,132.7279819,-0.1,0
1303244973,2574341576,5.910320492,0.1,0.1
1303244973,1303244179,49.22048004,-2.8,0
1303244973,2574341570,41.77430835,0,0
1303244983,10750646698,10.29806446,0.5,0.5
1303244983,7368660636,3.626740892,0,0
1303244983,1303246278,59.32443759,-1.9,0
1303244989,1303245823,93.04199462,-2.6,0
1303244989,10803910263,2.129743844,0,0
1303244989,1767739956,22.12366976,-0.3,0
1303245004,2636411764,27.95999442,-0.7,0
1303245004,1303243492,157.1211252,-7.5,0
1303245004,6027198639,9.952747074,0.2,0.2
1303245006,1303246235,97.86361223,-3.5,0
1303245006,1303244211,38.97682603,-2.6,0
1303245006,1303243470,22.21060057,1.4,1.4
1303245016,7369033934,3.17173076,0.1,0.1
1303245016,1303246091,46.61907835,-1.9,0
1303245016,1303245823,42.87406159,2,2
1303245082,1303243768,84.02883156,2.7,2.7
1303245082,1303244398,42.9089914,3.5,3.5
1303245082,8796851734,132.1050878,-1.4,0
1303245082,2039372133,57.60489277,-4.4,0
1303245099,1303246399,7.731686267,0.3,0.3
1303245099,7369033954,88.83382172,-5.4,0
1303245099,7369033959,37.87273135,-1.3,0
1303245107,1303245344,44.15718473,0.6,0.6
1303245107,1303246155,51.03667974,1.5,1.5
1303245107,1303246155,228.8588119,1.5,1.5
1303245107,1303244310,30.95472032,-0.2,0
1303245121,7369034002,4.936144939,0,0
1303245121,1303246072,52.30119501,-2.3,0
1303245121,1303245510,36.1775834,1.4,1.4
1303245173,6957360458,4.262581642,-0.1,0
1303245173,10750698995,44.6454714,1.5,1.5
1303245173,1303244447,28.75014148,-0.2,0
1303245196,1303243302,6.437625421,0,0
1303245196,1303245475,38.13937274,-2,0
1303245196,1303243470,89.02853382,-2.9,0
1303245215,1303246028,50.69518885,-2.6,0
1303245215,2574341576,24.1243086,-0.1,0
1303245215,2588145189,133.5460079,-3.7,0
1303245218,7368660689,2.905037631,-0.1,0
1303245218,1303244401,63.52953361,2.2,2.2
1303245218,1303246008,47.68216784,-1.7,0
1303245219,2267294297,5.656008075,0.1,0.1
1303245219,2267294305,28.28291569,-3.3,0
1303245219,1303243664,69.01347319,-1.2,0
1303245243,7368660627,3.80259083,0,0
1303245243,1303246397,35.18181723,1.2,1.2
1303245243,1303244343,36.3439602,-1.7,0
1303245251,1303244943,30.25205875,-0.4,0
1303245251,1303243330,165.8286241,-1.6,0
1303245251,1303243700,118.1587514,-1.9,0
1303245263,1303244168,45.97727922,2,2
1303245263,1303245275,108.9256678,-4.6,0
1303245263,3731572078,25.48015383,-1.3,0
1303245267,7369034006,40.37388424,-1.9,0
1303245267,1303246265,114.8288472,-5.4,0
1303245267,2643543079,29.86452893,0.8,0.8
1303245275,1303245263,108.9256678,4.6,4.6
1303245275,7369033928,3.389098557,-0.1,0
1303245275,7369033918,25.40272737,-0.4,0
1303245275,1303246091,47.18370343,1.9,1.9
1303245317,1303245892,30.21677884,-0.2,0
1303245317,10730038655,12.76393813,0.1,0.1
1303245317,6452250094,51.16533236,0.5,0.5
1303245332,7368660623,3.222961581,0,0
1303245332,1303244343,37.28911171,2,2
1303245332,1303244265,38.35742689,-1.6,0
1303245344,6447785885,134.8758831,3.4,3.4
1303245344,1303245107,44.15718473,-0.6,0
1303245344,6447935512,15.37279592,-0.4,0
1303245354,1303243426,95.8856669,6.9,6.9
1303245354,1303245792,30.35368925,-0.4,0
1303245354,10937054768,6.067288615,0.1,0.1
1303245396,1303244820,35.76077357,1.9,1.9
1303245396,1303244396,33.79025836,-0.4,0
1303245396,1303244551,113.0386711,4.5,4.5
1303245396,1303245405,106.1917704,2.5,2.5
1303245405,1303245892,29.15325813,0.6,0.6
1303245405,1303245396,106.1917704,-2.5,0
1303245405,1303246213,47.35816506,-1,0
1303245431,1303243470,43.86129568,-1.6,0
1303245431,1303244402,100.1680623,-2.7,0
1303245431,1303243326,67.47964628,1,1
1303245434,1303246278,43.7492257,1.7,1.7
1303245434,7368660643,3.540387465,0,0
1303245434,7368660650,3.190252512,-0.1,0
1303245434,1303245980,34.34904197,-2.3,0
1303245451,10794673123,4.931754684,0.3,0.3
1303245451,2268370369,20.87577999,-1.3,0
1303245451,10794673132,112.8789709,2.7,2.7
1303245475,1303245698,21.79021005,-1.1,0
1303245475,1303245196,38.13937274,2,2
1303245475,10736725995,4.046024678,0,0
1303245510,7369034006,4.112496475,0,0
1303245510,1303246463,28.86319251,1.3,1.3
1303245510,1303245121,36.1775834,-1.4,0
1303245512,7369033963,4.232554669,0,0
1303245512,1303244710,40.19043669,-2.5,0
1303245512,1303243752,73.33863886,-0.6,0
1303245533,1303244151,35.72671273,2.7,2.7
1303245533,1303243724,33.38449028,-2.9,0
1303245533,1303243765,94.92641288,0.5,0.5
1303245549,3731644111,67.62578938,-3.9,0
1303245549,7369033927,37.33854577,-0.7,0
1303245549,1303244009,71.03346612,0.8,0.8
1303245572,1303243541,71.78052151,2.9,2.9
1303245572,1303244225,59.67954124,1,1
1303245572,1786152730,51.00777342,-0.5,0
1303245638,7369033978,2.633994624,0,0
1303245638,1303243747,46.74973525,-0.2,0
1303245638,7369033980,50.84503215,0.5,0.5
1303245665,1303243670,33.61830079,1.6,1.6
1303245665,1303244612,44.72562556,-0.7,0
1303245665,1303245831,79.0655597,1.1,1.1
1303245670,1484203354,32.75078418,-1,0
1303245670,1303244285,45.99589981,0.7,0.7
1303245670,1303246453,174.1281606,10.7,10.7
1303245687,1303246155,42.92871454,-1.3,0
1303245687,1303244585,44.39862828,0.8,0.8
1303245687,1303244967,132.7279819,0.1,0.1
1303245697,7368660684,3.418316534,-0.1,0
1303245697,2162438537,18.09527949,-0.7,0
1303245697,1303246008,22.23748401,0.7,0.7
1303245698,1303246207,46.28359472,-2.5,0
1303245698,1303245475,21.79021005,1.1,1.1
1303245698,1303244211,67.32539788,-3.8,0
1303245715,1303243421,37.52282894,0.5,0.5
1303245715,10709340457,47.694039,-0.3,0
1303245724,7369027666,3.512459058,0,0
1303245724,7369027665,4.248006196,0,0
1303245724,1303245763,45.97314846,2.9,2.9
1303245724,1303244403,47.84450595,-2.2,0
1303245728,1303244402,44.19252398,3.4,3.4
1303245728,1303243470,99.48608513,4.5,4.5
1303245728,1303246235,67.1120792,-0.4,0
1303245745,1303244668,91.59323073,-0.7,0
1303245745,10736725995,4.065579342,0,0
1303245745,1303246491,136.5015123,-3,0
1303245763,7369027662,4.615669339,0,0
1303245763,1303246238,28.89625168,1.9,1.9
1303245763,1303245724,45.97314846,-2.9,0
1303245792,1303245354,30.35368925,0.4,0.4
1303245792,1303244738,32.67170875,-0.4,0
1303245792,2139644691,95.00460085,7,7
1303245792,10937054769,6.363088175,0,0
1303245797,1303243513,56.84128738,2.9,2.9
1303245797,10709340461,46.96246951,0.4,0.4
1303245799,1303243541,41.86476122,-0.9,0
1303245799,1303244225,75.66578638,-2.8,0
1303245799,2552572602,27.53077356,2.3,2.3
1303245801,1303243337,94.28895554,3.1,3.1
1303245801,6957360461,45.19962962,1.7,1.7
1303245801,7369027666,96.06618953,-6.1,0
1303245814,7099851945,6.517962748,0,0
1303245814,7099851992,28.18589517,-0.1,0
1303245814,2636411690,32.51906823,-0.2,0
1303245823,1303244989,93.04199462,2.6,2.6
1303245823,7369033937,3.900913754,-0.1,0
1303245823,1303245016,42.87406159,-2,0
1303245823,461630507,32.94524525,1.3,1.3
1303245831,10908360099,22.56794273,3.9,3.9
1303245831,1303245665,79.0655597,-1.1,0
1303245831,1303243311,24.75366769,0.2,0.2
1303245838,1303244259,61.17391509,-1.7,0
1303245838,1303246106,31.99272638,0.6,0.6
1303245838,5406585811,12.7806111,-0.4,0
1303245847,6452310955,26.71532323,0.7,0.7
1303245847,6437963396,33.20131259,-1.4,0
1303245847,6452310945,71.4058448,4.2,4.2
1303245892,1303245405,29.15325813,-0.6,0
1303245892,1303245317,30.21677884,0.2,0.2
1303245892,1303244820,108.787341,-1.2,0
1303245898,7368660615,39.57632539,-1,0
1303245898,7368660612,139.5862716,-2.7,0
1303245898,7368660618,115.9972711,1.5,1.5
1303245928,2187246625,25.18642789,-0.3,0
1303245928,6407480811,2.791169541,0,0
1303245928,2267294286,85.08720503,-1.5,0
1303245930,1303243643,39.12559228,0.9,0.9
1303245930,1303243670,38.20599133,2.3,2.3
1303245930,2136813766,24.89740825,-1.1,0
1303245930,1303244612,34.1391976,0,0
1303245942,5228128339,21.78657685,0.4,0.4
1303245942,1303243680,24.92005544,-0.1,0
1303245942,7099852004,31.48468549,-0.1,0
1303245961,1303244466,127.280548,8.4,8.4
1303245961,1303244285,45.8181783,-1,0
1303245961,1303243353,45.86274954,-1.2,0
1303245968,1303244396,6.2167262,0.2,0.2
1303245968,1303244225,32.17252673,-0.3,0
1303245968,1704577721,166.5258053,-1.5,0
1303245968,1303243402,212.5031331,2.3,2.3
1303245980,7368660647,2.905137948,0,0
1303245980,7368660750,35.70962378,-1.3,0
1303245980,1303245434,34.34904197,2.3,2.3
1303246004,8796851734,36.99577588,3,3
1303246004,1303243513,54.94938232,-1,0
1303246004,1303243421,114.450746,-2.3,0
1303246008,7368660682,6.769257969,0,0
1303246008,1303245697,22.23748401,-0.7,0
1303246008,1303245218,47.68216784,1.7,1.7
1303246009,2587513258,8.255354551,0,0
1303246009,2587513268,8.765242569,0.1,0.1
1303246009,2587513255,5.864782841,0,0
1303246020,1303246240,51.33169741,0.2,0.2
1303246028,1303245215,50.69518885,2.6,2.6
1303246028,1303243645,34.94808186,-2.3,0
1303246028,6957360458,99.79098657,-2.8,0
1303246044,1303244211,105.4347761,1.1,1.1
1303246044,1303246235,41.02403803,0.2,0.2
1303246044,1303243904,161.353187,-1.6,0
1303246046,1303246079,37.4809896,-0.7,0
1303246046,2587567965,43.5812478,0,0
1303246046,10742965994,25.4540212,-0.1,0
1303246046,10732935709,58.95011279,1.1,1.1
1303246048,7369033972,1.528544311,0,0
1303246048,7369034001,43.23887713,-0.1,0
1303246048,1303243747,47.11061344,0.3,0.3
1303246059,6957360463,3.949833254,0.1,0.1
1303246059,1303244447,46.51030645,1.7,1.7
1303246059,1303246234,47.41795783,-2.9,0
1303246072,7369034003,3.667548325,-0.1,0
1303246072,7369034012,4.836227616,-0.1,0
1303246072,7369034000,31.30577613,-0.8,0
1303246072,1303245121,52.30119501,2.3,2.3
1303246079,10732935708,59.1087235,0.4,0.4
1303246079,1303246046,37.4809896,0.7,0.7
1303246079,2555242407,29.83678177,-0.3,0
1303246091,1767739969,37.72594407,1.3,1.3
1303246091,7369033931,3.642774955,-0.1,0
1303246091,1303245275,47.18370343,-1.9,0
1303246091,1303245016,46.61907835,1.9,1.9
1303246100,1303243610,12.18185523,-0.2,0
1303246100,7369033927,7.740954896,0.1,0.1
1303246100,3731644112,67.07511822,-3.2,0
1303246106,1303244500,74.62827248,1.5,1.5
1303246106,1303245838,31.99272638,-0.6,0
1303246106,1303243402,29.75453283,0.3,0.3
1303246117,6447149351,2.451679533,-0.1,0
1303246117,6452310936,28.06345543,0.5,0.5
1303246117,6452310967,22.64148235,0.3,0.3
1303246134,1303246413,17.80616935,-0.7,0
1303246134,1303243568,13.83216274,0,0
1303246134,1303243610,39.22790674,2.5,2.5
1303246155,1303245107,51.03667974,-1.5,0
1303246155,1303245107,228.8588119,-1.5,0
1303246155,1303245687,42.92871454,1.3,1.3
1303246207,1303243904,65.87504528,-4,0
1303246207,1303245698,46.28359472,2.5,2.5
1303246207,10736725993,23.50776688,1.9,1.9
1303246213,9983573484,9.209605405,-0.4,0
1303246213,4070941403,78.26407301,-0.1,0
1303246213,1303245405,47.35816506,1,1
1303246213,6452250094,58.49579931,2.3,2.3
1303246213,9983573486,30.95975041,-3.1,0
1303246216,1303246240,52.16643607,-3.7,0
1303246216,1303244406,133.5400234,-1,0
1303246216,1303244135,64.82748316,-0.3,0
1303246232,1303244623,26.82211766,-0.2,0
1303246232,7369033984,5.043280385,0,0
1303246232,2574372170,42.92627552,1.5,1.5
1303246232,2245132953,9.913297938,0,0
1303246234,6957360460,4.236186315,-0.1,0
1303246234,6957360461,4.189766194,-0.1,0
1303246234,1303246059,47.41795783,2.9,2.9
1303246234,1303246238,49.52141382,-3.1,0
1303246235,1303245006,97.86361223,3.5,3.5
1303246235,1303246044,41.02403803,-0.2,0
1303246235,1303245728,67.1120792,0.4,0.4
1303246238,7369027664,3.996366256,-0.1,0
1303246238,1303246234,49.52141382,3.1,3.1
1303246238,1303245763,28.89625168,-1.9,0
1303246240,1303246216,52.16643607,3.7,3.7
1303246240,1303246020,51.33169741,-0.2,0
1303246251,4070941321,25.79227738,-0.6,0
1303246251,3803655172,74.01053319,1.2,1.2
1303246251,10736725999,23.92208225,0.1,0.1
1303246265,7369034012,33.33121189,-0.3,0
1303246265,1303243492,36.09846002,0.3,0.3
1303246265,1303245267,114.8288472,5.4,5.4
1303246278,1303245434,43.7492257,-1.7,0
1303246278,7368660640,3.628432376,0,0
1303246278,1303244983,59.32443759,1.9,1.9
1303246290,7368660618,4.674950099,-0.1,0
1303246290,7099851935,5.354190658,0.1,0.1
1303246290,1303244716,85.26790824,-2.5,0
1303246306,7369033945,3.060769207,0,0
1303246306,3730545045,28.86049593,0.1,0.1
1303246306,1303243761,45.0235204,-1.4,0
1303246335,7369033951,85.29119065,-5.3,0
1303246335,1303244186,8.162835541,-0.1,0
1303246335,1303244036,48.10280848,1,1
1303246369,2616953970,5.209186684,0,0
1303246369,1303243582,28.96914766,-0.5,0
1303246369,2587513239,56.58832537,2,2
1303246397,10750743309,3.977792857,-0.1,0
1303246397,10750743308,4.18925149,0.1,0.1
1303246397,1303245243,35.18181723,-1.2,0
1303246397,10750646698,158.7828753,-3.9,0
1303246399,1303244186,44.52856361,0.8,0.8
1303246399,1303245099,7.731686267,-0.3,0
1303246399,7369033963,56.7819359,-1,0
1303246413,7369033931,100.4490572,-5,0
1303246413,1303246134,17.80616935,0.7,0.7
1303246413,3730550104,47.55463322,-1.2,0
1303246427,7368660740,80.56436016,-3.5,0
1303246427,6452310342,7.830885482,1.9,1.9
1303246427,7368660742,120.0761214,-5.2,0
1303246444,1303244585,44.36724502,-0.2,0
1303246444,6447785885,3.363455706,0.2,0.2
1303246444,2268363060,106.8786047,-4.3,0
1303246453,1303244285,126.4467121,-10,0
1303246453,2268370385,8.532667201,0,0
1303246453,1303245670,174.1281606,-10.7,0
1303246463,1303245510,28.86319251,-1.3,0
1303246463,1303243928,29.00580044,1.2,1.2
1303246463,4070941412,3.602084939,-0.1,0
1303246463,7368660680,4.173366679,0,0
1303246491,1303244668,47.9546721,2.3,2.3
1303246491,1303245745,136.5015123,3,3
1303246491,10736725965,28.32575471,-0.2,0
1303246493,6452247878,11.26001397,0.1,0.1
1303246493,6452126443,43.14964076,-7.2,0
1303246493,1303244599,113.1028822,-3.4,0
1303307793,7099852026,5.348449288,0,0
1303307793,7099852025,77.744561,0.5,0.5
1303307793,7099852102,76.10522426,-0.7,0
1303307985,7099851971,7.79067757,0,0
1303307985,7099852019,35.59256288,0.4,0.4
1303307985,1303309324,47.21885042,-0.5,0
1303309070,7099852017,15.92447662,0.2,0.2
1303309070,7099852019,25.05807907,-0.1,0
1303309070,7099852019,21.69590494,-0.1,0
1303309324,7099851976,7.152637289,0,0
1303309324,1303307985,47.21885042,0.5,0.5
1303309324,7099852025,57.56342214,-0.5,0
1457663906,1303151172,31.0404741,-1.6,0
1457663906,1302822187,70.79872518,4.4,4.4
1457663906,1302822664,98.7427023,-1.4,0
1457663906,2598709705,25.21451502,-1.6,0
1471065423,1302821559,6.512546318,-0.5,0
1471065423,1471065425,29.20531489,1.3,1.3
1471065423,13076852505,115.6920964,7.4,7.4
1471065425,1471065423,29.20531489,-1.3,0
1471065425,9269014803,13.91648737,0.1,0.1
1471065425,9269014804,11.59309259,0.1,0.1
1471065529,9269072332,53.88984861,-5.2,0
1471065529,9269072328,19.97036736,1.5,1.5
1471065529,1471065594,49.74357753,3.3,3.3
1471065529,1302822609,118.0926129,-1.1,0
1471065539,1302823040,8.301469976,-0.4,0
1471065539,2187247159,48.63847469,1.5,1.5
1471065539,2187247099,26.23260772,-0.4,0
1471065594,1471065529,49.74357753,-3.3,0
1471065594,2187247159,74.17997816,2.7,2.7
1471065594,1302821823,51.73042898,-1,0
1471299551,4019720180,37.25535664,-0.4,0
1471299551,1302821170,62.16769929,-0.3,0
1471299551,1302823149,37.61393352,-0.1,0
1484203223,2139630239,93.1422197,0.4,0.4
1484203279,10732733202,12.77054564,-0.4,0
1484203279,1484203310,51.91043194,-0.8,0
1484203279,1484203297,43.97715072,0.4,0.4
1484203297,1484203279,43.97715072,-0.4,0
1484203297,1484203328,55.80524055,-0.4,0
1484203297,2134826851,182.3797522,-0.9,0
1484203297,13064972911,113.0696358,-1.6,0
1484203310,2268359407,71.08504101,0.7,0.7
1484203310,1484203279,51.91043194,0.8,0.8
1484203310,1484203409,190.0017895,0.3,0.3
1484203328,2267877234,10.67043426,0.1,0.1
1484203328,1484203297,55.80524055,0.4,0.4
1484203328,2267877235,58.06454641,0.3,0.3
1484203354,1484203358,137.3346826,0.2,0.2
1484203354,5587339790,8.033881854,-0.5,0
1484203354,1303245670,32.75078418,1,1
1484203358,1303243353,33.47912808,1.3,1.3
1484203358,1303244497,29.92877655,-1,0
1484203358,1484203354,137.3346826,-0.2,0
1484203372,2136813367,26.27006915,0.3,0.3
1484203372,1484203377,14.09695047,0,0
1484203372,2136813369,74.59595304,-0.7,0
1484203377,10732732933,27.63396838,-1.4,0
1484203377,1484203372,14.09695047,0,0
1484203377,739479974,111.2918049,0.5,0.5
1484203389,1484203446,151.5574146,0.2,0.2
1484203389,6394408457,108.2795465,-0.4,0
1484203389,2267373260,20.56375028,0,0
1484203409,1484203310,190.0017895,-0.3,0
1484203409,1484203420,67.48526778,0.2,0.2
1484203409,739479974,106.3960083,4.4,4.4
1484203420,2268359417,99.27822642,4.6,4.6
1484203420,1484203409,67.48526778,-0.2,0
1484203420,1484203457,64.7383529,1.5,1.5
1484203446,1484203389,151.5574146,-0.2,0
1484203446,1484203457,32.86296471,0.2,0.2
1484203446,1484203477,120.8089152,-1.1,0
1484203446,2134826851,137.0994752,-1.5,0
1484203457,1484203446,32.86296471,-0.2,0
1484203457,1484203420,64.7383529,-1.5,0
1484203457,1484203488,121.124467,-1.1,0
1484203457,1484203486,82.10411649,2.8,2.8
1484203477,1484203446,120.8089152,1.1,1.1
1484203486,1484203492,37.00486594,-0.2,0
1484203486,5406585782,9.179104367,0,0
1484203486,1484203554,156.0001658,7.3,7.3
1484203486,1484203457,82.10411649,-2.8,0
1484203488,1484203528,88.1472813,3.4,3.4
1484203488,1484203457,121.124467,1.1,1.1
1484203492,1484203501,28.21207511,-0.1,0
1484203492,1484203486,37.00486594,0.2,0.2
1484203492,1484203529,63.31843253,4.5,4.5
1484203501,1484203539,54.53270403,3.4,3.4
1484203501,2139658051,37.91940072,-0.1,0
1484203501,1484203492,28.21207511,0.1,0.1
1484203528,1484203488,88.1472813,-3.4,0
1484203528,1484203559,82.62033915,0,0
1484203528,2139658051,17.36941627,0.1,0.1
1484203529,1484203554,40.77013117,3,3
1484203529,1484203539,22.16637241,-1.2,0
1484203529,1484203492,63.31843253,-4.5,0
1484203539,1484203501,54.53270403,-3.4,0
1484203539,1484203542,28.8921871,-1.3,0
1484203539,1484203529,22.16637241,1.2,1.2
1484203542,1484203583,124.9632568,-1.3,0
1484203542,1484203539,28.8921871,1.3,1.3
1484203542,2139658051,48.41476596,-2.2,0
1484203542,1484203567,35.10871845,4.1,4.1
1484203554,1484203529,40.77013117,-3,0
1484203554,1484203567,39.02437148,-1.4,0
1484203554,1484203486,156.0001658,-7.3,0
1484203559,1484203528,82.62033915,0,0
1484203559,1484203583,50.35569086,1,1
1484203559,1484203572,50.32924909,0,0
1484203567,10737093414,18.10799461,0.2,0.2
1484203567,1484203554,39.02437148,1.4,1.4
1484203567,1484203542,35.10871845,-4.1,0
1484203572,1484203608,63.08796844,2.4,2.4
1484203572,1484203559,50.32924909,0,0
1484203583,1484203542,124.9632568,1.3,1.3
1484203583,1484203628,82.55124344,3,3
1484203583,1484203559,50.35569086,-1,0
1484203608,1484203631,56.24871745,1.8,1.8
1484203608,1484203572,63.08796844,-2.4,0
1484203628,1484203631,20.98668302,0.2,0.2
1484203628,1484203634,14.72302622,0.3,0.3
1484203628,1484203583,82.55124344,-3,0
1484203631,1484203628,20.98668302,-0.2,0
1484203631,2039387112,13.80659931,0.4,0.4
1484203631,1484203608,56.24871745,-1.8,0
1484203634,1484203628,14.72302622,-0.3,0
1484203634,1484203703,108.5385677,5.1,5.1
1484203634,1484203637,38.19072455,5.3,5.3
1484203637,1484203638,44.25091916,3.1,3.1
1484203637,1484203738,163.7842231,3.8,3.8
1484203637,10737093414,149.4064508,-3,0
1484203637,1484203634,38.19072455,-5.3,0
1484203638,1484203637,44.25091916,-3.1,0
1484203638,10737093418,111.5154047,1.7,1.7
1484203638,1484203694,75.1014689,3.5,3.5
1484203694,2626054993,34.89771336,7.2,7.2
1484203694,1484203638,75.1014689,-3.5,0
1484203694,10737082094,42.07759996,1.3,1.3
1484203694,1484203740,99.26997735,-1.5,0
1484203701,6437962852,64.87021276,-0.6,0
1484203701,7368658473,1.416446956,0,0
1484203701,1484203732,39.93299428,0.3,0.3
1484203701,10739295319,4.698825417,-0.1,0
1484203703,1484203720,34.09171198,2.2,2.2
1484203703,2039387112,96.99838005,-4.8,0
1484203703,1484203634,108.5385677,-5.1,0
1484203720,1484203703,34.09171198,-2.2,0
1484203720,1484203738,21.93294988,1.8,1.8
1484203732,1484203774,127.583433,-0.6,0
1484203732,1484203701,39.93299428,-0.3,0
1484203732,7368660708,5.808571228,0.1,0.1
1484203738,1484203720,21.93294988,-1.8,0
1484203738,1484203637,163.7842231,-3.8,0
1484203738,1484203740,32.46291511,1.3,1.3
1484203740,1484203765,31.20192854,0.6,0.6
1484203740,1484203694,99.26997735,1.5,1.5
1484203740,1484203738,32.46291511,-1.3,0
1484203758,2626054993,79.44165188,1.5,1.5
1484203758,1484203781,82.33034846,0.5,0.5
1484203758,7368658461,117.430835,1,1
1484203765,1484203740,31.20192854,-0.6,0
1484203765,7368658462,126.790273,7.6,7.6
1484203774,7368658483,5.796927205,0.1,0.1
1484203774,1484203786,41.77780168,-0.2,0
1484203774,1484203732,127.583433,0.6,0.6
1484203781,6534663632,12.24917133,3.3,3.3
1484203781,1484203758,82.33034846,-0.5,0
1484203781,6534663635,61.53054701,-0.8,0
1484203786,7368660709,5.327367399,0,0
1484203786,2626055014,4.010799547,0,0
1484203786,1484203774,41.77780168,0.2,0.2
1484203803,1704222985,6.681641877,0,0
1484203803,7368660725,6.800588628,0,0
1484203803,7368660726,9.97748846,-0.3,0
1484203803,2587513279,9.494491376,0.2,0.2
1484203845,1484203848,27.57432251,-0.4,0
1484203845,6534663641,28.57254676,-0.3,0
1484203848,6437963396,26.29873978,-0.8,0
1484203848,1484203849,39.77438059,0.7,0.7
1484203848,1484203845,27.57432251,0.4,0.4
1484203849,6452310369,76.41784849,-0.4,0
1484203849,1484203848,39.77438059,-0.7,0
1484203849,6452310955,36.19046809,0.6,0.6
1617305622,1617305664,14.07509253,0,0
1617305622,10712492266,12.27669547,0.3,0.3
1617305622,10712492262,10.30698328,-0.2,0
1617305624,10712492273,28.42442631,0,0
1617305629,1617305650,14.3830928,0,0
1617305629,10723432004,13.31572762,-0.3,0
1617305629,1617305673,8.028411632,0.2,0.2
1617305629,10723431994,7.454243747,-0.2,0
1617305631,1695752549,4.653471413,0,0
1617305631,1617305634,23.59787189,0,0
1617305631,1617305651,67.01104886,0.6,0.6
1617305634,1617305674,54.90703055,0.5,0.5
1617305634,1617305674,90.74084361,0.5,0.5
1617305634,1617305631,23.59787189,0,0
1617305643,2643543050,23.20076807,2.9,2.9
1617305643,2643543049,25.78934912,-2.9,0
1617305643,1617305654,40.70532048,-4.3,0
1617305643,3084725044,73.62033983,-1,0
1617305645,1695752549,53.52778702,-0.5,0
1617305645,1617305651,26.489449,0.1,0.1
1617305645,1695752551,48.0761136,-0.5,0
1617305649,1695752549,9.661711569,0,0
1617305649,10723432004,50.20040908,-0.9,0
1617305649,1695752551,27.54044671,0,0
1617305650,1617305629,14.3830928,0,0
1617305650,10723431993,14.76575234,0.4,0.4
1617305650,1617305673,13.90077978,0.2,0.2
1617305650,10723431995,12.21830708,-0.3,0
1617305651,1617305631,67.01104886,-0.6,0
1617305651,1617305645,26.489449,-0.1,0
1617305651,1617305674,29.33297859,-0.1,0
1617305654,1617305643,40.70532048,4.3,4.3
1617305664,10712492264,10.83503058,-0.1,0
1617305664,1617305622,14.07509253,0,0
1617305664,10712492263,10.47818717,-0.2,0
1617305664,10712492265,12.2395378,0.4,0.4
1617305673,1617305650,13.90077978,-0.2,0
1617305673,1617305629,8.028411632,-0.2,0
1617305673,10723431992,11.61707939,0.2,0.2
1617305673,10723483805,13.47470572,-0.3,0
1617305674,1617305634,54.90703055,-0.5,0
1617305674,1617305634,90.74084361,-0.5,0
1617305674,1617305651,29.33297859,0.1,0.1
1695752549,1617305649,9.661711569,0,0
1695752549,1617305631,4.653471413,0,0
1695752549,1617305645,53.52778702,0.5,0.5
1695752551,10723483805,39.72456253,-0.7,0
1695752551,1617305649,27.54044671,0,0
1695752551,1617305645,48.0761136,0.5,0.5
1695820882,5466265990,44.23201078,-1,0
1695820882,10721114683,45.19575728,1,1
1695820882,10721114700,7.188998919,-0.1,0
1695820899,10721102983,9.239831965,-0.2,0
1695820899,10721102919,113.0054848,-0.4,0
1695820916,10721114685,9.377263398,0,0
1695820916,10721114683,7.156862445,0,0
1695820916,10721114684,11.19646363,0.1,0.1
1695820920,10721114725,52.87835494,0.6,0.6
1695820920,10721114685,50.79643256,-0.8,0
1695820920,10721114719,8.895418015,-0.1,0
1695820920,10721114720,8.790610542,-0.1,0
1695820921,10721103000,8.35046608,0.1,0.1
1695820921,10721102998,9.301626823,0,0
1695820921,10721102999,9.896986584,0,0
1695820921,10721102997,9.248716331,0,0
1695820964,10721102941,9.919113355,-0.1,0
1695820964,10721102945,42.9679848,-0.2,0
1695820964,10721114667,9.218343488,0,0
1695820964,10721114631,52.31112962,-0.3,0
1695860127,1695860175,7.951883192,0.2,0.2
1695860127,2587513215,9.798948761,0.2,0.2
1695860127,2587513205,8.715234555,-0.2,0
1695860175,2587513207,8.868952199,-0.2,0
1695860175,2587513217,9.91184322,0.2,0.2
1695860175,2587513216,8.082596499,0.2,0.2
1695860175,1695860127,7.951883192,-0.2,0
1704222967,2163993055,80.50985811,-0.7,0
1704222967,2163993055,89.32556909,-0.7,0
1704222967,2587513217,109.9965431,-2.7,0
1704222981,461629483,7.857986122,0.1,0.1
1704222981,7368658458,2.963741006,-0.2,0
1704222981,461629163,10.18175192,0.2,0.2
1704222981,7368658470,122.3303504,-4.4,0
1704222985,2587513280,9.288819781,0.1,0.1
1704222985,7368660727,9.585698858,-0.2,0
1704222985,1484203803,6.681641877,0,0
1704577692,1728170102,61.12124826,-0.7,0
1704577692,1704577713,50.04021028,1.4,1.4
1704577692,1728170135,46.77964789,-0.4,0
1704577692,2162438533,26.55456688,1.2,1.2
1704577695,10721114728,24.95961507,-0.1,0
1704577695,1704577736,124.8542691,0.6,0.6
1704577695,1704577709,86.05011176,-1.9,0
1704577709,1704577736,109.8427612,2.5,2.5
1704577709,1704577740,50.03098071,-1.8,0
1704577709,1704577695,86.05011176,1.9,1.9
1704577713,1704577692,50.04021028,-1.4,0
1704577713,1704577736,50.09798907,2,2
1704577713,1704577740,110.0639856,-2.3,0
1704577717,1704577737,9.340510523,0,0
1704577717,10721114729,10.17463779,0.2,0.2
1704577717,10721114727,10.42156603,-0.1,0
1704577717,10721114728,6.933931133,0,0
1704577721,12560683507,3.458906647,-0.1,0
1704577721,10721114738,142.916414,-1.5,0
1704577721,1303245968,166.5258053,1.5,1.5
1704577736,1704577709,109.8427612,-2.5,0
1704577736,1704577713,50.09798907,-2,0
1704577736,1704577695,124.8542691,-0.6,0
1704577737,1704577717,9.340510523,0,0
1704577737,10721114725,6.252670198,-0.1,0
1704577737,10721114726,10.56094651,-0.2,0
1704577737,10721114730,10.65565482,0.2,0.2
1704577740,1704577713,110.0639856,2.3,2.3
1704577740,1704577709,50.03098071,1.8,1.8
1704577740,2552572610,29.37055665,1.2,1.2
1704650171,1704650185,2.948093172,0.1,0.1
1704650171,1704650216,36.35127536,-0.6,0
1704650171,2587513282,44.93357813,-0.2,0
1704650185,1303244792,114.4056367,4.8,4.8
1704650185,1704650171,2.948093172,-0.1,0
1704650185,2575577325,37.3446251,-0.5,0
1704650216,1704650171,36.35127536,0.6,0.6
1704650216,1303244587,8.654280677,-0.1,0
1704650216,1704650283,94.85556327,2.1,2.1
1704650244,1704650253,7.313438148,0.2,0.2
1704650244,7366852167,4.712788605,-0.1,0
1704650244,7366852168,8.203271167,0,0
1704650244,2636411794,11.21038389,0.1,0.1
1704650253,2636411795,10.29194714,0.1,0.1
1704650253,7366852169,9.624252195,-0.1,0
1704650253,1704650244,7.313438148,-0.2,0
1704650253,7366852170,8.26440735,0.1,0.1
1704650283,1984399488,3.762516865,0,0
1704650283,2574341570,6.60001814,0,0
1704650283,1704650216,94.85556327,-2.1,0
1704650317,10732935709,87.10561867,-3.7,0
1704650317,2558496348,4.379279439,0,0
1704650317,2572501767,26.69714298,1.1,1.1
1704650319,2469038988,21.92041803,-0.3,0
1704650319,7368660736,27.9994855,-0.5,0
1704650319,2572501767,16.83542476,5.3,5.3
1728169953,1728169959,18.8721066,-0.6,0
1728169954,10738873081,17.62784555,1,1
1728169954,10738873080,4.081715794,-0.1,0
1728169957,2637060666,31.93727579,-0.3,0
1728169957,11951566065,21.0745715,-0.5,0
1728169957,1728169963,48.43146529,-1.4,0
1728169959,1728169965,44.4831093,-1.4,0
1728169959,1728169953,18.8721066,0.6,0.6
1728169959,1728169962,168.8571873,2.2,2.2
1728169962,1728169959,168.8571873,-2.2,0
1728169962,10738873080,28.5127929,-1.4,0
1728169963,1728169978,94.70529339,-0.8,0
1728169963,1728169982,47.53964897,-1.3,0
1728169963,1728169957,48.43146529,1.4,1.4
1728169965,1728169978,44.39428189,-1.5,0
1728169965,1728169959,44.4831093,1.4,1.4
1728169965,2637060666,58.14414387,0.4,0.4
1728169965,1728169992,166.1538688,3.8,3.8
1728169978,1728169990,48.12705663,-1.6,0
1728169978,1728169965,44.39428189,1.5,1.5
1728169978,1728169992,125.3274858,5.3,5.3
1728169978,1728169963,94.70529339,0.8,0.8
1728169982,1728169963,47.53964897,1.3,1.3
1728169982,10946118937,72.09750905,-1,0
1728169982,7125325619,26.28096931,-0.7,0
1728169990,916037104,29.28512317,-0.2,0
1728169990,1728169978,48.12705663,1.6,1.6
1728169990,10946118937,22.70521068,0.1,0.1
1728169990,1728169992,174.0571003,6.9,6.9
1728169992,1728169978,125.3274858,-5.3,0
1728169992,1728169990,174.0571003,-6.9,0
1728169992,1728169965,166.1538688,-3.8,0
1728170001,1728170021,32.30206396,0.2,0.2
1728170001,10721102961,158.0491179,-1.2,0
1728170001,1728170059,133.9266836,-8,0
1728170005,10721102942,23.81779723,-0.9,0
1728170005,1728170029,51.09678,2,2
1728170005,4070941396,3.43260434,0,0
1728170005,10721102961,4.521806581,0,0
1728170021,1728170025,41.28987156,0.3,0.3
1728170021,1728170001,32.30206396,-0.2,0
1728170021,1728170034,68.50596287,-3.1,0
1728170025,1728170034,61.22395591,-3.4,0
1728170025,1728170029,38.98284896,0.3,0.3
1728170025,1728170021,41.28987156,-0.3,0
1728170028,1728170050,51.94944458,-1.9,0
1728170028,4070941396,72.11353829,-1,0
1728170028,2639302720,23.78489586,2,2
1728170029,1728170005,51.09678,-2,0
1728170029,1728170039,48.2585136,-2.4,0
1728170029,1728170025,38.98284896,-0.3,0
1728170029,1728170050,81.70067826,-2.9,0
1728170034,1728170025,61.22395591,3.4,3.4
1728170034,1728170059,68.21748727,-5.1,0
1728170034,1728170021,68.50596287,3.1,3.1
1728170039,1728170029,48.2585136,2.4,2.4
1728170039,1728170058,45.54310441,-2.4,0
1728170039,1728170066,110.2366475,-2.2,0
1728170050,1728170066,49.64983538,-1.7,0
1728170050,1728170028,51.94944458,1.9,1.9
1728170050,1728170029,81.70067826,2.9,2.9
1728170058,1728170039,45.54310441,2.4,2.4
1728170058,1728170064,31.98879759,-0.5,0
1728170058,7099852073,109.8314732,-6,0
1728170059,1728170034,68.21748727,5.1,5.1
1728170059,1728170070,46.02490877,-1.9,0
1728170059,1728170001,133.9266836,8,8
1728170064,1728170058,31.98879759,0.5,0.5
1728170064,1728170074,26.23163912,-0.4,0
1728170064,1728170124,169.0304183,-4.9,0
1728170066,1728170050,49.64983538,1.7,1.7
1728170066,1728170039,110.2366475,2.2,2.2
1728170066,2552572610,28.16532213,0.2,0.2
1728170070,1728170059,46.02490877,1.9,1.9
1728170070,7099852074,34.18489853,0.1,0.1
1728170070,7099852073,25.94325371,-0.1,0
1728170074,1728170064,26.23163912,0.4,0.4
1728170074,1728170088,32.41723706,-0.4,0
1728170074,1728170124,107.361071,-4.5,0
1728170088,1728170074,32.41723706,0.4,0.4
1728170088,1728170092,40.17214457,-0.4,0
1728170088,1728170125,80.61782966,-3.2,0
1728170089,1728170104,54.51573924,1.1,1.1
1728170089,12560683507,29.00388746,-0.5,0
1728170089,1728170096,168.7587386,1.6,1.6
1728170092,1728170088,40.17214457,0.4,0.4
1728170092,2552572607,34.78432743,0.2,0.2
1728170092,1728170125,104.5077761,-2.8,0
1728170096,1728170104,115.7235614,-0.5,0
1728170096,1728170089,168.7587386,-1.6,0
1728170096,2566516697,34.32867283,-3.5,0
1728170102,2552572607,78.53258185,-0.9,0
1728170102,1704577692,61.12124826,0.7,0.7
1728170102,1728170134,25.6445873,0,0
1728170104,1728170096,115.7235614,0.5,0.5
1728170104,1728170089,54.51573924,-1.1,0
1728170104,4070941397,4.391139819,0,0
1728170124,1728170074,107.361071,4.5,4.5
1728170124,1728170064,169.0304183,4.9,4.9
1728170124,1728170125,66.81010366,0.9,0.9
1728170124,7099852066,34.18835332,-6.6,0
1728170125,1728170088,80.61782966,3.2,3.2
1728170125,1728170124,66.81010366,-0.9,0
1728170125,1728170092,104.5077761,2.8,2.8
1728170134,1728170135,65.00612974,0.3,0.3
1728170134,1728170102,25.6445873,0,0
1728170134,7099852040,44.47901107,-9.2,0
1728170135,1704577692,46.77964789,0.4,0.4
1728170135,1728170134,65.00612974,-0.3,0
1728170135,7099852057,19.63439387,0.3,0.3
1767473930,6957360463,73.24646408,-3,0
1767473930,10738681912,3.095266376,0.1,0.1
1767473930,6957360464,41.42492693,0.4,0.4
1767473936,10738681912,3.414586235,0.1,0.1
1767473936,7368660692,86.65372734,-1.1,0
1767473936,1767739951,53.77436919,-2.7,0
1767473942,7369027661,2.422541998,0,0
1767473942,1303244403,32.77398959,0.2,0.2
1767473942,7366845048,20.22146184,0.2,0.2
1767473943,7368660743,77.92179312,7.7,7.7
1767473943,1303244179,44.55586737,2.1,2.1
1767473943,2267294179,31.69004916,-2.5,0
1767725819,2574372177,36.55260401,0,0
1767725819,5228128350,20.38238567,-0.3,0
1767725819,5228128351,20.81853821,-5.4,0
1767727210,7368660608,4.129339888,0,0
1767727210,2636411690,9.332446632,-0.2,0
1767727210,1303244918,213.415104,10.6,10.6
1767727210,7099851941,9.212134008,0.3,0.3
1767727211,2245132953,22.7477405,0.1,0.1
1767727211,4070941422,2.523835807,0,0
1767727211,2162438531,36.88736838,0.7,0.7
1767727214,7368660608,73.53497657,-4.7,0
1767727214,2245132953,107.8562139,7,7
1767727214,1983118464,38.29989483,10.8,10.8
1767739950,10803910263,34.86442916,-0.1,0
1767739950,1767739964,91.26725868,-0.2,0
1767739950,1767739964,70.99415802,-0.2,0
1767739951,10738681910,4.785807137,0.1,0.1
1767739951,1767473936,53.77436919,2.7,2.7
1767739951,7368660689,114.595775,-0.7,0
1767739953,4070880057,49.65522766,3.2,3.2
1767739953,10738681907,30.72654632,-2.7,0
1767739953,1303244181,29.83863862,1.6,1.6
1767739953,1303244921,29.51002273,-0.1,0
1767739956,1303244989,22.12366976,0.3,0.3
1767739956,1303243477,33.61145044,-0.8,0
1767739956,1767739963,90.95610034,-3.9,0
1767739960,7369027664,97.75630199,-4,0
1767739960,7368658440,6.094442883,0.1,0.1
1767739960,1767739967,56.2311515,2.6,2.6
1767739963,1303243477,61.66692646,3.1,3.1
1767739963,1767739969,32.71743539,-1,0
1767739963,1767739956,90.95610034,3.9,3.9
1767739964,461630507,33.41678661,-1.2,0
1767739964,1767739950,91.26725868,0.2,0.2
1767739964,1767739950,70.99415802,0.2,0.2
1767739967,6957360460,83.10432614,-3.5,0
1767739967,10738681910,6.5650585,0,0
1767739967,1767739960,56.2311515,-2.6,0
1767739968,3732558535,48.08981386,-1.7,0
1767739968,3731552689,77.89507751,4.2,4.2
1767739968,5228128309,93.71038737,11.9,11.9
1767739969,1303244168,66.17378434,3.4,3.4
1767739969,1303246091,37.72594407,-1.3,0
1767739969,1767739963,32.71743539,1,1
1786152730,1303245572,51.00777342,0.5,0.5
1786152730,7099851936,89.99246359,1,1
1786152730,7099852039,37.06090372,-0.5,0
1814571403,1814571408,252.4099727,0.9,0.9
1814571403,6397662166,69.69751058,1.3,1.3
1814571403,461630341,54.62247947,-1.2,0
1814571408,1814571403,252.4099727,-0.9,0
1983118458,1983118493,13.77226983,0,0
1983118458,1983118538,35.68085808,-0.2,0
1983118458,1983118520,81.99669926,-0.2,0
1983118462,7368660696,3.501578366,0,0
1983118462,1983118462,39.55677914,0,0
1983118462,1983118462,39.55677914,0,0
1983118464,1983281252,122.5828209,8.2,8.2
1983118464,1767727214,38.29989483,-10.8,0
1983118464,2588145125,95.04213025,2.3,2.3
1983118493,1983118458,13.77226983,0,0
1983118493,7369027663,17.51982046,0.3,0.3
1983118493,13403237136,43.80911817,-0.4,0
1983118520,1983118458,81.99669926,0.2,0.2
1983118520,1983281218,38.7075776,0.9,0.9
1983118520,2558588574,34.75366728,0,0
1983118522,7369027663,6.957200174,-0.2,0
1983118522,1983281278,149.0208979,0.8,0.8
1983118522,2636411744,211.0801705,3.3,3.3
1983118538,1983118458,35.68085808,0.2,0.2
1983281218,1983281278,10.02237226,0.6,0.6
1983281218,1983281252,11.18423361,0,0
1983281218,1983118520,38.7075776,-0.9,0
1983281252,1983281218,11.18423361,0,0
1983281252,1983281278,8.075964081,0.6,0.6
1983281252,1983118464,122.5828209,-8.2,0
1983281278,1983281252,8.075964081,-0.6,0
1983281278,1983281218,10.02237226,-0.6,0
1983281278,1983118522,149.0208979,-0.8,0
1984029544,2588145130,11.18917708,-2.6,0
1984029544,2558588574,82.58515451,0.5,0.5
1984029544,2588145131,24.12842011,-1.8,0
1984029559,1984029563,17.89644852,-0.1,0
1984029559,1984029563,16.37788342,-0.1,0
1984029559,1984399485,9.25952839,-0.6,0
1984029563,2588145166,17.44242753,-0.1,0
1984029563,1984399490,39.99561033,0.3,0.3
1984029563,1984029559,16.37788342,0.1,0.1
1984029563,1984029559,17.89644852,0.1,0.1
1984399485,2588145166,26.88146031,0.4,0.4
1984399485,2588145178,2.651284452,-0.2,0
1984399485,1984029559,9.25952839,0.6,0.6
1984399487,1984399491,32.99797403,-1.1,0
1984399487,2574341575,42.35330944,-0.1,0
1984399487,2558452287,28.75190701,-1.8,0
1984399488,1704650283,3.762516865,0,0
1984399488,2574341575,48.13573589,0.1,0.1
1984399488,2587513272,36.0994654,-3,0
1984399490,1984029563,39.99561033,-0.3,0
1984399490,2588145178,45.47281579,-1,0
1984399490,1984399491,42.07612908,1.3,1.3
1984399491,1984399487,32.99797403,1.1,1.1
1984399491,1984399490,42.07612908,-1.3,0
1984399491,7368660673,47.38157829,1.4,1.4
2039371183,10836967620,22.28448021,0.7,0.7
2039371183,2039372133,63.11736879,-3.7,0
2039371183,1303243309,46.51234257,0.2,0.2
2039371183,10734835060,64.47536557,-3.2,0
2039372133,2039371183,63.11736879,3.7,3.7
2039372133,10734835072,37.2049104,-1.5,0
2039372133,1303245082,57.60489277,4.4,4.4
2039387112,1484203631,13.80659931,-0.4,0
2039387112,1484203703,96.99838005,4.8,4.8
2134826851,2267877235,124.5969278,0.8,0.8
2134826851,1484203446,137.0994752,1.5,1.5
2134826851,1484203297,182.3797522,0.9,0.9
2136811387,2136811388,60.09815828,-4.1,0
2136811387,1303244915,53.69499007,-3.6,0
2136811387,9983573434,6.259532818,0.2,0.2
2136811388,2136813056,23.08343108,-2,0
2136811388,2136811387,60.09815828,4.1,4.1
2136811388,2136811391,121.8693787,-4.2,0
2136811391,9983573432,15.1803761,-2.1,0
2136811391,2136811578,67.61907509,-2.2,0
2136811391,2136811388,121.8693787,4.2,4.2
2136811578,1303243670,35.45710017,-1.2,0
2136811578,2136813056,63.70658571,4.4,4.4
2136811578,2136811391,67.61907509,2.2,2.2
2136813056,2136811388,23.08343108,2,2
2136813056,2136811578,63.70658571,-4.4,0
2136813056,1303244915,119.2195249,2.5,2.5
2136813367,10896026882,17.47778133,1,1
2136813367,1484203372,26.27006915,-0.3,0
2136813367,2136813373,28.5277293,0.1,0.1
2136813367,5241082711,56.20107248,1.5,1.5
2136813367,2268359415,158.0085794,5.1,5.1
2136813369,5241082711,28.60332756,2.5,2.5
2136813369,1484203372,74.59595304,0.7,0.7
2136813369,8796851753,59.60258034,-1.6,0
2136813373,2136813367,28.5277293,-0.1,0
2136813373,2136813766,45.97487705,1.3,1.3
2136813373,2136813766,123.093653,1.3,1.3
2136813766,1303245930,24.89740825,1.1,1.1
2136813766,2136813373,45.97487705,-1.3,0
2136813766,2136813373,123.093653,-1.3,0
2136813798,2136813803,48.27547371,3.1,3.1
2136813798,1303243780,42.65182788,-2.9,0
2136813798,5406585778,31.97460928,3.3,3.3
2136813798,2268359415,41.17229064,1.4,1.4
2136813801,2136813803,34.99775936,-3.3,0
2136813801,6452330481,6.438298298,0.6,0.6
2136813801,2136813801,344.9992027,0,0
2136813801,2136813801,344.9992027,0,0
2136813803,2136813801,34.99775936,3.3,3.3
2136813803,2136813798,48.27547371,-3.1,0
2136813803,3926735721,48.50118545,3.5,3.5
2139628835,2268359400,5.869820689,0.1,0.1
2139628835,10701763041,109.507329,-0.6,0
2139628835,730906859,52.69036098,-0.7,0
2139630239,10732733563,63.18181745,2.3,2.3
2139630239,1484203223,93.1422197,-0.4,0
2139630239,2267877234,56.54508728,0.6,0.6
2139634750,2139634889,49.95373764,0,0
2139634750,730906859,55.7492867,0,0
2139634889,2139637635,49.4408357,0.1,0.1
2139634889,2139634750,49.95373764,0,0
2139637635,2139634889,49.4408357,-0.1,0
2139637635,10701763041,35.89837893,0,0
2139644691,1303243426,30.72717197,0.3,0.3
2139644691,1303244967,30.31219132,-0.3,0
2139644691,1303245792,95.00460085,-7,0
2139647408,10794673135,15.0809185,-0.1,0
2139647408,9983573434,56.98737197,-0.3,0
2139647408,10794673134,18.24954786,-1.5,0
2139656835,2268359417,26.52204448,-0.1,0
2139656835,1303243780,23.94122382,0.1,0.1
2139656835,2139656838,136.9566531,-0.3,0
2139656838,5406585782,22.98270809,-0.1,0
2139656838,2268359417,28.95020062,0.2,0.2
2139656838,2139656835,136.9566531,0.3,0.3
2139658051,1484203528,17.36941627,-0.1,0
2139658051,1484203501,37.91940072,0.1,0.1
2139658051,1484203542,48.41476596,2.2,2.2
2139661796,6437963396,28.19944761,0.3,0.3
2139661953,461629311,30.64979691,1.2,1.2
2139661953,2139661954,46.01236343,1.9,1.9
2139661954,2139661953,46.01236343,-1.9,0
2139661954,461629319,49.37578657,1.9,1.9
2139661954,2139661967,25.40230381,1.6,1.6
2139661967,2139661954,25.40230381,-1.6,0
2162438528,2162438531,22.01913952,-1.3,0
2162438528,2162438532,77.75322644,1.3,1.3
2162438528,2162438532,154.8768471,1.3,1.3
2162438528,2162438536,74.36318629,2,2
2162438531,1767727211,36.88736838,-0.7,0
2162438531,4070941412,55.46017727,0.9,0.9
2162438531,2162438528,22.01913952,1.3,1.3
2162438531,4070941420,24.44199366,-1.1,0
2162438532,2162438538,38.41933267,1.9,1.9
2162438532,2162438528,77.75322644,-1.3,0
2162438532,2162438528,154.8768471,-1.3,0
2162438533,1704577692,26.55456688,-1.2,0
2162438533,4070941376,174.71217,0.7,0.7
2162438533,4070941367,56.44692213,-0.4,0
2162438536,7368660681,18.92709448,0.1,0.1
2162438536,2162438538,40.76384587,1.2,1.2
2162438536,2162438528,74.36318629,-2,0
2162438537,7368660681,5.429219275,0,0
2162438537,1303243928,30.49413005,-1.2,0
2162438537,1303245697,18.09527949,0.7,0.7
2162438538,7368660682,21.30630349,0.3,0.3
2162438538,2162438536,40.76384587,-1.2,0
2162438538,2162438532,38.41933267,-1.9,0
2162718497,7368660696,47.30704511,0.2,0.2
2162718497,7369027663,143.7712364,-3.1,0
2162718497,2616953964,26.87896459,0.4,0.4
2163993055,1704222967,80.50985811,0.7,0.7
2163993055,1704222967,89.32556909,0.7,0.7
2163993055,2587513280,27.92315212,-0.5,0
2187246349,7369034021,5.560058085,0.1,0.1
2187246349,1303152028,18.53030704,-1.1,0
2187246349,1303151285,78.7278668,3.4,3.4
2187246359,2187246374,35.06734873,1.5,1.5
2187246359,2187246363,43.07357265,1.2,1.2
2187246359,7369034021,72.57832314,-2.4,0
2187246363,2187246359,43.07357265,-1.2,0
2187246363,7369034013,68.12811134,-9.1,0
2187246363,2187246369,67.49758452,1.8,1.8
2187246369,2187246386,33.60096355,1.9,1.9
2187246369,2187246363,67.49758452,-1.8,0
2187246369,7366852004,105.9022463,-5.2,0
2187246370,2187246393,28.23939475,-1.2,0
2187246370,2187246449,93.62010944,3.7,3.7
2187246370,3878191510,44.77783327,1.4,1.4
2187246374,2187246410,35.56625018,1.2,1.2
2187246374,2187246359,35.06734873,-1.5,0
2187246374,2187246414,96.91471056,-0.9,0
2187246374,2187246386,100.7667469,3.4,3.4
2187246386,7366852000,29.08633934,1.8,1.8
2187246386,2187246369,33.60096355,-1.9,0
2187246386,2187246374,100.7667469,-3.4,0
2187246386,7366851999,94.98442053,-1.3,0
2187246388,7369033916,5.086957428,-0.1,0
2187246388,461630515,48.90343427,1.2,1.2
2187246388,3731572075,59.39896371,-0.3,0
2187246393,2187246370,28.23939475,1.2,1.2
2187246393,2187246455,63.79956363,2.6,2.6
2187246393,461630515,30.16148703,-0.6,0
2187246410,2187246374,35.56625018,-1.2,0
2187246410,2187246414,69.74525236,-2.1,0
2187246410,2187246427,48.30335988,1.3,1.3
2187246414,7369034024,41.87737487,0.3,0.3
2187246414,2187246410,69.74525236,2.1,2.1
2187246414,2187246507,71.83045562,-1.7,0
2187246414,2187246374,96.91471056,0.9,0.9
2187246427,2187246432,45.15096109,2.7,2.7
2187246427,2187246410,48.30335988,-1.3,0
2187246427,2187246578,98.38512097,1.4,1.4
2187246432,2187246427,45.15096109,-2.7,0
2187246432,7366852000,5.153040294,0,0
2187246432,2187246461,63.20049324,-3.2,0
2187246433,2187246441,24.26962975,-1,0
2187246433,10736725827,11.69292932,0.2,0.2
2187246433,10803856438,5.174926361,0,0
2187246441,2187246449,35.14736107,-2.2,0
2187246441,2187246433,24.26962975,1,1
2187246441,3878191510,102.3801445,-4.5,0
2187246449,2187246455,34.78132264,-2.3,0
2187246449,2187246441,35.14736107,2.2,2.2
2187246449,2187246370,93.62010944,-3.7,0
2187246451,7366852005,27.77414906,-2.5,0
2187246451,1303152765,64.41188489,6.1,6.1
2187246451,2187246468,19.10210611,5.1,5.1
2187246455,2187246449,34.78132264,2.3,2.3
2187246455,2187246393,63.79956363,-2.6,0
2187246455,2187246459,36.90972547,-1.5,0
2187246459,2187246510,39.35424307,1.9,1.9
2187246459,461630515,34.48198727,-1.7,0
2187246459,2187246455,36.90972547,1.5,1.5
2187246461,7366851993,28.28613189,-1.4,0
2187246461,7366851999,4.367085935,0.1,0.1
2187246461,2187246432,63.20049324,3.2,3.2
2187246468,2187246502,33.00209918,-0.7,0
2187246468,2187246451,19.10210611,-5.1,0
2187246468,2187246654,113.7579679,5.8,5.8
2187246474,10736725827,25.97841897,-1.1,0
2187246474,10736725828,4.614635089,0,0
2187246474,2187246510,130.8972614,-6.4,0
2187246479,7366852002,5.384339966,-0.3,0
2187246479,7366851996,6.415032895,0.2,0.2
2187246479,7366851993,6.353686666,0,0
2187246479,7366852003,5.322054529,0,0
2187246502,7366852003,31.67780912,-2.8,0
2187246502,2187246468,33.00209918,0.7,0.7
2187246502,2187246641,78.48429052,7.9,7.9
2187246507,2187246515,50.37466831,-0.3,0
2187246507,2187246590,33.28070165,1.5,1.5
2187246507,2187246414,71.83045562,1.7,1.7
2187246510,2187246619,48.46349073,2.7,2.7
2187246510,2187246459,39.35424307,-1.9,0
2187246510,2187246658,100.134709,4.6,4.6
2187246510,2187246474,130.8972614,6.4,6.4
2187246515,2187246507,50.37466831,0.3,0.3
2187246515,2187246557,81.7252555,-0.3,0
2187246515,4014856766,16.2512182,-0.1,0
2187246519,7369034033,27.32731771,-0.2,0
2187246519,2187246557,29.87888518,0.2,0.2
2187246519,2187246723,110.8804611,-0.4,0
2187246519,4014856766,69.98789132,0.4,0.4
2187246549,6394962503,91.80943779,-0.9,0
2187246549,7366852029,71.99944459,1.7,1.7
2187246549,1303151529,131.7601729,5.3,5.3
2187246557,2187246519,29.87888518,-0.2,0
2187246557,2187246627,35.38278157,0.3,0.3
2187246557,2187246515,81.7252555,0.3,0.3
2187246557,4014856766,29.23260968,0.2,0.2
2187246561,6394961579,5.049499774,0,0
2187246561,2187246619,131.4054928,-6.2,0
2187246578,2187246427,98.38512097,-1.4,0
2187246578,2187246590,107.4189048,-5,0
2187246578,2187246598,66.46579103,4.5,4.5
2187246590,2187246614,14.01356999,0.2,0.2
2187246590,2187246578,107.4189048,5,5
2187246590,2187246507,33.28070165,-1.5,0
2187246598,1303152408,59.95445346,1,1
2187246598,1303151961,60.54250856,-0.4,0
2187246598,2187246578,66.46579103,-4.5,0
2187246602,1303151393,57.56172374,-3.9,0
2187246602,2187246654,35.7035286,3,3
2187246602,1303152765,63.21839722,-1.8,0
2187246614,2187246590,14.01356999,-0.2,0
2187246614,2187246721,71.90836339,-0.2,0
2187246614,2187246677,22.04424783,0.2,0.2
2187246616,2187246679,25.32921738,1,1
2187246616,2187246658,32.66239799,0.3,0.3
2187246616,7369033914,134.5795787,-8,0
2187246619,2187246739,47.3988203,2.2,2.2
2187246619,2187246510,48.46349073,-2.7,0
2187246619,2187246658,75.47823449,1.9,1.9
2187246619,2187246561,131.4054928,6.2,6.2
2187246625,7366852036,23.23610025,-0.2,0
2187246625,1303245928,25.18642789,0.3,0.3
2187246625,2267296171,103.9430474,1.8,1.8
2187246627,2187246707,33.94985962,-0.2,0
2187246627,2187246557,35.38278157,-0.3,0
2187246627,2187246721,69.15767171,1.8,1.8
2187246641,2187246695,34.95756283,-0.9,0
2187246641,2187246502,78.48429052,-7.9,0
2187246641,2187246705,21.49628072,1.3,1.3
2187246654,2187246705,33.50827708,2.7,2.7
2187246654,2187246602,35.7035286,-3,0
2187246654,2187246918,122.3142715,0.5,0.5
2187246654,2187246468,113.7579679,-5.8,0
2187246658,2187246616,32.66239799,-0.3,0
2187246658,2187246771,53.14386543,2.4,2.4
2187246658,2187246510,100.134709,-4.6,0
2187246658,2187246619,75.47823449,-1.9,0
2187246661,7366851996,83.10997657,-6.9,0
2187246661,2187246742,39.00330736,1.7,1.7
2187246661,1303151961,44.25622484,0.3,0.3
2187246669,2187246679,84.43268802,1.7,1.7
2187246669,7369033899,153.3941282,-7.8,0
2187246669,2187246691,19.67336006,0.8,0.8
2187246674,1303244919,9.042870873,0.2,0.2
2187246674,7366852036,4.562213599,-0.2,0
2187246674,7366852033,5.785645035,0.1,0.1
2187246674,7366852028,8.194718027,-0.3,0
2187246677,1303150908,37.21005082,0.4,0.4
2187246677,2187246779,125.1875703,5.3,5.3
2187246677,2187246614,22.04424783,-0.2,0
2187246679,2187246616,25.32921738,-1,0
2187246679,2187246863,87.03135374,3.7,3.7
2187246679,2187246669,84.43268802,-1.7,0
2187246691,1303151168,63.88754488,-5.1,0
2187246691,2187246754,33.1422676,4,4
2187246691,2187246669,19.67336006,-0.8,0
2187246695,2187246641,34.95756283,0.9,0.9
2187246695,2187246742,38.76716618,-1,0
2187246695,2187246898,92.62459315,2.4,2.4
2187246705,2187246654,33.50827708,-2.7,0
2187246705,2187246641,21.49628072,-1.3,0
2187246705,1303151885,98.68695949,-0.2,0
2187246707,1303149867,35.44341429,-0.5,0
2187246707,2187246627,33.94985962,0.2,0.2
2187246707,2187246832,113.6431572,2,2
2187246718,2187246760,40.39643651,0.8,0.8
2187246718,1303152303,24.36093557,-0.9,0
2187246718,443306889,73.76705727,4.4,4.4
2187246721,1303150908,37.70746583,0.8,0.8
2187246721,2187246627,69.15767171,-1.8,0
2187246721,2187246614,71.90836339,0.2,0.2
2187246723,1303149867,37.38201313,0.2,0.2
2187246723,1303152303,39.88598552,-0.2,0
2187246723,2187246519,110.8804611,0.4,0.4
2187246739,2187246619,47.3988203,-2.2,0
2187246739,1303150717,48.1310636,1.9,1.9
2187246739,2187246771,104.811116,2.1,2.1
2187246742,2187246695,38.76716618,1,1
2187246742,2187246661,39.00330736,-1.7,0
2187246742,2187246882,71.77590825,3.6,3.6
2187246754,2187246782,31.97345421,-1.3,0
2187246754,2187246691,33.1422676,-4,0
2187246754,2187246830,41.6109248,0.5,0.5
2187246760,2187246907,75.9283707,4.3,4.3
2187246760,2187246718,40.39643651,-0.8,0
2187246760,1303150361,39.51524662,-0.9,0
2187246771,2187246875,53.6304944,1.6,1.6
2187246771,2187246658,53.14386543,-2.4,0
2187246771,2187246739,104.811116,-2.1,0
2187246779,1303151798,13.22501651,-0.6,0
2187246779,1303152408,66.53883197,4.8,4.8
2187246779,2187246677,125.1875703,-5.3,0
2187246782,1303150040,96.30496595,-7.2,0
2187246782,2187246754,31.97345421,1.3,1.3
2187246782,443306889,40.65859233,-1.2,0
2187246824,1303151529,29.78852017,0.5,0.5
2187246824,1303151801,40.67070388,-2,0
2187246824,2187246871,30.81576283,2.7,2.7
2187246830,2187246754,41.6109248,-0.5,0
2187246830,2187246941,127.2970179,0.5,0.5
2187246830,2187246863,24.1914839,0.1,0.1
2187246832,2187246864,104.8192381,3.8,3.8
2187246832,2187246707,113.6431572,-2,0
2187246832,1303151833,36.43863002,-1.1,0
2187246832,1303150908,33.54157785,0.8,0.8
2187246854,1303150613,54.61844473,3.8,3.8
2187246854,1303150361,23.70321922,-0.7,0
2187246854,2187246924,71.09537801,5.1,5.1
2187246854,2187246937,112.1299416,2.6,2.6
2187246863,2187246875,35.49963835,-0.4,0
2187246863,2187246679,87.03135374,-3.7,0
2187246863,2187247054,111.8187263,5.7,5.7
2187246863,2187246830,24.1914839,-0.1,0
2187246864,1303151798,32.43460026,1.3,1.3
2187246864,2187246832,104.8192381,-3.8,0
2187246864,1303150794,98.49969582,6,6
2187246864,1303151197,33.55191681,-1.2,0
2187246866,2187246944,51.38110824,3.3,3.3
2187246866,2267296176,27.5369954,0.8,0.8
2187246866,4070953856,97.61622385,-7.9,0
2187246871,7366852038,6.229439028,0,0
2187246871,2187246824,30.81576283,-2.7,0
2187246871,1303152736,52.77706486,4.7,4.7
2187246875,2187246863,35.49963835,0.4,0.4
2187246875,461630518,181.4583714,0.3,0.3
2187246875,2187246771,53.6304944,-1.6,0
2187246875,1303150717,119.5913696,-1.8,0
2187246882,2187246742,71.77590825,-3.6,0
2187246882,2187247008,78.20457281,4.3,4.3
2187246882,2187246898,32.24114139,-0.2,0
2187246882,2187246884,38.12467551,-3,0
2187246884,4020938306,2.388276922,-0.2,0
2187246884,2187247023,83.63943072,6.5,6.5
2187246884,2187246882,38.12467551,3,3
2187246898,2187247078,106.3343267,4,4
2187246898,1303151885,33.39860728,-0.4,0
2187246898,2187246882,32.24114139,0.2,0.2
2187246898,2187246695,92.62459315,-2.4,0
2187246907,2187246760,75.9283707,-4.3,0
2187246907,443306889,38.00361654,-0.7,0
2187246907,2187246924,21.20253733,0.6,0.6
2187246918,1303152967,34.60584196,-1.7,0
2187246918,1303151885,36.23222065,2,2
2187246918,2187246654,122.3142715,-0.5,0
2187246921,2187246971,39.10488601,3.1,3.1
2187246921,1303153103,69.62533585,3.8,3.8
2187246921,1303151197,34.38235124,-1.5,0
2187246924,2187246907,21.20253733,-0.6,0
2187246924,2187247085,100.3240414,8.1,8.1
2187246924,2187246854,71.09537801,-5.1,0
2187246937,2187246987,107.2956529,2.8,2.8
2187246937,2187246854,112.1299416,-2.6,0
2187246937,1303152965,32.72887256,2.3,2.3
2187246937,1303151833,35.97188674,-2.3,0
2187246941,1303151740,69.46977292,5.2,5.2
2187246941,2187246830,127.2970179,-0.5,0
2187246941,443306889,58.26222814,-3.5,0
2187246944,2187246866,51.38110824,-3.3,0
2187246944,7366852038,108.7957595,-6.4,0
2187246944,2187246964,20.26852229,0.4,0.4
2187246948,2187246971,103.5698259,-2.6,0
2187246948,1303150678,40.6022032,-1.2,0
2187246948,1303152385,70.6899841,5,5
2187246964,2187246944,20.26852229,-0.4,0
2187246964,2187246969,11.87760662,0,0
2187246964,1303152700,60.26752132,4.2,4.2
2187246969,1303150582,51.43212778,-3,0
2187246969,2187246964,11.87760662,0,0
2187246969,7366852177,106.9266772,-1.9,0
2187246971,2187246948,103.5698259,2.6,2.6
2187246971,2187246921,39.10488601,-3.1,0
2187246971,2187247042,35.79312433,2.6,2.6
2187246987,1303150656,34.70872501,3,3
2187246987,1303149919,36.51020478,-2.7,0
2187246987,2187246937,107.2956529,-2.8,0
2187246989,1303151885,56.09992593,-1.7,0
2187246989,2187247073,44.77314453,1.5,1.5
2187246989,7049432086,19.83694327,-0.3,0
2187247005,1303152965,37.35600263,-2.2,0
2187247005,2187247087,47.05302878,3.6,3.6
2187247005,1303150656,88.22939671,1.3,1.3
2187247008,2187247083,37.24237906,0.9,0.9
2187247008,2187246882,78.20457281,-4.3,0
2187247008,2187247023,36.97351705,-0.8,0
2187247015,7049409583,30.38744753,0.6,0.6
2187247015,1303152967,61.54141138,-3.9,0
2187247015,2187247095,53.27379039,3.9,3.9
2187247023,2187247080,77.77858135,-1.5,0
2187247023,2187246884,83.63943072,-6.5,0
2187247023,2187247008,36.97351705,0.8,0.8
2187247042,2187246971,35.79312433,-2.6,0
2187247042,1303152385,60.1526475,5,5
2187247042,2187247044,4.51948113,-0.4,0
2187247044,2187247112,35.77543037,2.6,2.6
2187247044,2187247042,4.51948113,0.4,0.4
2187247044,2187247049,29.22864947,-2.1,0
2187247049,1303151197,72.77767574,-4.7,0
2187247049,2187247044,29.22864947,2.1,2.1
2187247049,1303150656,44.09245243,-0.3,0
2187247054,2187246863,111.8187263,-5.7,0
2187247054,9269014802,127.6904339,-3.3,0
2187247054,1303151740,54.39855809,-0.1,0
2187247066,1303151619,42.70880186,2.2,2.2
2187247066,1303152700,6.48390989,0,0
2187247066,2187247114,49.13571491,2.8,2.8
2187247066,4070948076,57.70149026,-4.1,0
2187247073,2187246989,44.77314453,-1.5,0
2187247073,9269278325,20.51482637,0.8,0.8
2187247073,2187247095,62.37823796,0.9,0.9
2187247078,2187246898,106.3343267,-4,0
2187247078,9269278325,10.11132377,-0.4,0
2187247078,2187247083,34.78838377,1.4,1.4
2187247080,2187247023,77.77858135,1.5,1.5
2187247080,2187247123,35.81100648,2.9,2.9
2187247080,1303152385,24.0814921,-1.3,0
2187247083,2187247008,37.24237906,-0.9,0
2187247083,2187247132,39.29867257,-3.1,0
2187247083,2187247123,110.2528704,-0.3,0
2187247083,2187247078,34.78838377,-1.4,0
2187247085,2187246924,100.3240414,-8.1,0
2187247085,1303151740,57.46809352,-0.7,0
2187247085,1303152231,60.34265443,1.4,1.4
2187247087,2187247005,47.05302878,-3.6,0
2187247087,2187247134,36.23035862,3.3,3.3
2187247087,1303152965,110.9528537,-5.8,0
2187247095,2187247015,53.27379039,-3.9,0
2187247095,2187247116,70.36048002,4.7,4.7
2187247095,2187247073,62.37823796,-0.9,0
2187247099,1471065539,26.23260772,0.4,0.4
2187247102,4020938304,30.93401572,3.1,3.1
2187247102,1303150656,33.44301595,-2.6,0
2187247102,4020938301,23.98545258,2.1,2.1
2187247110,2187247114,4.874719379,0.4,0.4
2187247110,2187247140,31.37526576,7.4,7.4
2187247110,1303152736,133.1608471,-8.7,0
2187247112,2187247044,35.77543037,-2.6,0
2187247114,2187247110,4.874719379,-0.4,0
2187247114,1303151724,117.6244422,8.6,8.6
2187247114,2187247066,49.13571491,-2.8,0
2187247116,1302821453,54.66423582,-0.7,0
2187247116,2187247095,70.36048002,-4.7,0
2187247116,2187247140,31.77438397,3.4,3.4
2187247123,2187247080,35.81100648,-2.9,0
2187247123,2187247157,26.33585549,-2.8,0
2187247123,2187247162,97.42308672,-2.4,0
2187247123,2187247083,110.2528704,0.3,0.3
2187247132,9269278329,28.47867764,-2.8,0
2187247132,2187247083,39.29867257,3.1,3.1
2187247132,9269278327,50.30163849,0.6,0.6
2187247134,2187247087,36.23035862,-3.3,0
2187247134,1303152231,124.2435396,0.6,0.6
2187247134,1302823040,40.69498076,1.7,1.7
2187247140,2187247110,31.37526576,-7.4,0
2187247140,2187247116,31.77438397,-3.4,0
2187247140,1302822664,115.7314871,4,4
2187247157,13076852405,100.2413702,-4.2,0
2187247157,13076852407,40.83921587,-4.5,0
2187247157,2187247123,26.33585549,2.8,2.8
2187247159,1471065539,48.63847469,-1.5,0
2187247159,2187247162,50.30262432,0.4,0.4
2187247159,1471065594,74.17997816,-2.7,0
2187247162,2187247159,50.30262432,-0.4,0
2187247162,4020938304,46.59208502,-3.9,0
2187247162,2187247167,31.20758162,-0.8,0
2187247162,2187247123,97.42308672,2.4,2.4
2187247167,4020938297,8.078672034,-0.3,0
2187247167,2187247175,66.94215567,-5,0
2187247167,2187247162,31.20758162,0.8,0.8
2187247169,1302822001,35.95406953,0.6,0.6
2187247169,1302822872,38.18300989,-0.3,0
2187247169,13076852405,5.111550209,0,0
2187247175,1302821907,60.32309407,0.9,0.9
2187247175,1302822038,55.12398813,-3.6,0
2187247175,2187247167,66.94215567,5,5
2245132743,10738873081,44.53602283,-0.1,0
2245132743,10310879492,12.88532076,-3,0
2245132743,10310879492,53.46475785,-3,0
2245132776,4070941397,8.098460693,-0.1,0
2245132776,4070941403,51.93975726,1.9,1.9
2245132776,7099852048,85.65194896,-3.6,0
2245132845,2639302714,14.49228707,-2,0
2245132845,10723483833,15.32882171,-1.3,0
2245132845,10721102909,28.84128467,-3.9,0
2245132927,2639302694,14.9031419,-0.1,0
2245132927,10269783371,78.75760094,0.2,0.2
2245132927,8411254516,8.98460807,0,0
2245132927,10721114682,6.387651681,0,0
2245132953,1767727211,22.7477405,-0.1,0
2245132953,1767727214,107.8562139,-7,0
2245132953,1303246232,9.913297938,0,0
2261866802,6405281335,26.66015514,1.6,1.6
2261866802,7099852097,236.9241425,-9.8,0
2261866811,2261866837,44.98554619,1.8,1.8
2261866811,6405281335,4.176015313,0,0
2261866837,2261866811,44.98554619,-1.8,0
2261866837,2261866860,44.26987575,1.5,1.5
2261866837,6405281339,107.7514073,2.5,2.5
2261866860,2261866837,44.26987575,-1.5,0
2261866860,2261866883,45.29064383,2.4,2.4
2261866866,2261866868,3.556584973,0.3,0.3
2261866866,10736725977,25.95442622,-0.7,0
2261866866,10736725964,205.1142267,4.7,4.7
2261866868,2261866866,3.556584973,-0.3,0
2261866868,2261866879,17.55644269,4,4
2261866868,2261866879,63.63404031,4,4
2261866879,2261866868,17.55644269,-4,0
2261866879,2261866868,63.63404031,-4,0
2261866879,2261866891,130.9625401,4.5,4.5
2261866883,2261866887,25.00520798,0.4,0.4
2261866883,2261866894,21.26656316,1.2,1.2
2261866883,2261866860,45.29064383,-2.4,0
2261866887,2261866883,25.00520798,-0.4,0
2261866887,2261866928,55.69025407,2.3,2.3
2261866887,2261866927,88.99648955,1.8,1.8
2261866891,6407306857,83.76676135,1.5,1.5
2261866891,2261866879,130.9625401,-4.5,0
2261866891,2261866896,5.876604735,-0.1,0
2261866894,2261866883,21.26656316,-1.2,0
2261866894,2261866914,34.28403391,1.3,1.3
2261866894,6405281339,394.3036564,-2.6,0
2261866896,2261866935,85.22276064,1.2,1.2
2261866896,2261866971,114.9816184,-3.7,0
2261866896,2261866891,5.876604735,0.1,0.1
2261866914,2261866928,25.31025651,0.2,0.2
2261866914,2261866894,34.28403391,-1.3,0
2261866914,2261866935,20.49003987,-1.3,0
2261866927,2261866929,10.46310639,0,0
2261866927,2261866887,88.99648955,-1.8,0
2261866927,2261866953,45.0620555,1.3,1.3
2261866928,2261866914,25.31025651,-0.2,0
2261866928,2261866887,55.69025407,-2.3,0
2261866928,2261866953,93.78475121,0.8,0.8
2261866929,2261866927,10.46310639,0,0
2261866935,2261866914,20.49003987,1.3,1.3
2261866935,2261866943,10.88627869,-1,0
2261866935,2261866896,85.22276064,-1.2,0
2261866943,2261866935,10.88627869,1,1
2261866943,2261866951,37.78490466,0.5,0.5
2261866943,2261866971,47.84192334,-3.9,0
2261866951,2261866969,26.82107001,-1.4,0
2261866951,2261866981,68.73692834,1.6,1.6
2261866951,2261866943,37.78490466,-0.5,0
2261866953,2261866927,45.0620555,-1.3,0
2261866953,2261866928,93.78475121,-0.8,0
2261866953,2261866961,12.13118229,0.1,0.1
2261866961,2261866979,27.37091595,-1.3,0
2261866961,6407306856,111.756164,-1.2,0
2261866961,2261866953,12.13118229,-0.1,0
2261866961,2261866973,34.75209717,-0.3,0
2261866969,2261866989,31.54665242,-1.6,0
2261866969,2261866951,26.82107001,1.4,1.4
2261866969,2261866999,60.02577512,1.3,1.3
2261866971,10736725944,22.02979129,-0.4,0
2261866971,2261866989,40.89701574,1.4,1.4
2261866971,2261866943,47.84192334,3.9,3.9
2261866971,2261866896,114.9816184,3.7,3.7
2261866973,2261866976,9.995927373,-0.1,0
2261866973,2261866961,34.75209717,0.3,0.3
2261866976,2261866973,9.995927373,0.1,0.1
2261866979,2261866961,27.37091595,1.3,1.3
2261866979,2261866981,10.29833266,0,0
2261866979,2261866992,28.44628957,-1.2,0
2261866981,2261866979,10.29833266,0,0
2261866981,2261866951,68.73692834,-1.6,0
2261866981,2261866999,42.94057261,-1.7,0
2261866984,10736725965,6.904094163,-0.1,0
2261866984,1303244683,7.524339724,-0.1,0
2261866984,10736725962,9.264835809,-0.3,0
2261866984,10736725966,9.234397754,0.2,0.2
2261866989,2261866969,31.54665242,1.6,1.6
2261866989,2261866971,40.89701574,-1.4,0
2261866989,2261867014,53.74936423,1.5,1.5
2261866992,2261867008,37.36716407,-2.2,0
2261866992,2261866979,28.44628957,1.2,1.2
2261866999,2261866969,60.02577512,-1.3,0
2261866999,2261867014,38.02981364,-1.4,0
2261866999,2261866981,42.94057261,1.7,1.7
2261867008,2261867028,49.6407151,-3.2,0
2261867008,2261867041,86.205062,-2.7,0
2261867008,2261866992,37.36716407,2.2,2.2
2261867014,2261867020,9.150301274,0,0
2261867014,2261866999,38.02981364,1.4,1.4
2261867014,2261866989,53.74936423,-1.5,0
2261867020,10736725978,17.41032471,0.1,0.1
2261867020,2261867028,25.9978096,-3.5,0
2261867020,2261867014,9.150301274,0,0
2261867020,10736725983,42.26192512,-4.9,0
2261867028,2261867046,65.44595565,-4.1,0
2261867028,2261867008,49.6407151,3.2,3.2
2261867028,2261867020,25.9978096,3.5,3.5
2261867041,2261867008,86.205062,2.7,2.7
2261867041,2261867046,55.73886757,-4.6,0
2261867046,2261867028,65.44595565,4.1,4.1
2261867046,2261867041,55.73886757,4.6,4.6
2261867046,10736725946,25.55341738,-0.5,0
2261867052,10736725946,6.467816467,-0.1,0
2261867052,1303243656,7.319826195,0,0
2261867052,10736725955,7.338727498,0.2,0.2
2261867052,10736725953,4.995679053,-0.1,0
2267231814,6447149352,46.75388929,0.2,0.2
2267231814,7406081424,2.169290375,0,0
2267231814,7366852167,79.27295871,-1.5,0
2267231841,2267231899,153.7249845,-13.3,0
2267231841,2267294261,91.17403822,10.8,10.8
2267231841,6407480816,82.59690261,0,0
2267231871,7366584689,7.660075196,-0.4,0
2267231871,7366584694,57.19966555,-3.8,0
2267231871,7366852216,92.27242866,3.2,3.2
2267231875,7366584698,4.515825003,0.1,0.1
2267231875,7366852215,86.49845329,3,3
2267231875,7366584695,63.50795312,-4.2,0
2267231889,12022212138,32.81056435,1.7,1.7
2267231889,2267231899,65.15356257,0.3,0.3
2267231889,6407480811,174.6246523,-1.1,0
2267231896,7366852213,101.9233707,-2.5,0
2267231896,7366852209,4.829272203,-0.1,0
2267231896,7366852199,297.8310136,-2.4,0
2267231899,2267294338,37.72083974,0.1,0.1
2267231899,2267231841,153.7249845,13.3,13.3
2267231899,2267231889,65.15356257,-0.3,0
2267231900,2267231912,127.2703496,8.3,8.3
2267231900,2267231925,92.95778422,11.3,11.3
2267231900,7366584698,41.91148795,-4.8,0
2267231906,2267231912,19.99806666,0.1,0.1
2267231906,6407480800,8.476775697,-0.4,0
2267231906,7366852209,96.79632629,-7.1,0
2267231912,2267231906,19.99806666,-0.1,0
2267231912,2267231925,73.93526441,3,3
2267231912,2267231900,127.2703496,-8.3,0
2267231915,7366852199,5.671358714,0.1,0.1
2267231915,7366852205,7.554119494,-0.2,0
2267231915,12022212138,31.67201956,-2.2,0
2267231925,2267231947,92.18439455,4.5,4.5
2267231925,2267231912,73.93526441,-3,0
2267231925,2267231900,92.95778422,-11.3,0
2267231936,2267231956,52.77138608,1.2,1.2
2267231947,908108796,40.93211053,-3.8,0
2267231947,11954201559,124.8163028,4.5,4.5
2267231947,2267231925,92.18439455,-4.5,0
2267231956,2267231984,133.1523834,-1.6,0
2267231956,2267231936,52.77138608,-1.2,0
2267231956,2267294362,65.63683495,-8,0
2267231984,11954201559,2.343207767,-0.2,0
2267231984,2267231956,133.1523834,1.6,1.6
2267231984,2267232082,102.714907,0.9,0.9
2267231989,1303151563,62.16839228,-3.8,0
2267231989,3444285112,153.9276162,17.1,17.1
2267231989,2267232043,60.52918247,0.4,0.4
2267232000,1303151563,39.50831313,-1.2,0
2267232000,2267294373,170.5540521,2.9,2.9
2267232000,2267232043,50.98213736,3,3
2267232043,2267232092,85.26739368,7.8,7.8
2267232043,2267232000,50.98213736,-3,0
2267232043,2267231989,60.52918247,-0.4,0
2267232080,2267232092,39.53202787,-3.3,0
2267232082,3444285112,7.68668503,-0.3,0
2267232082,2267231984,102.714907,-0.9,0
2267232082,908108402,87.26248436,2.5,2.5
2267232092,2267232105,47.06419442,9.5,9.5
2267232092,2267232043,85.26739368,-7.8,0
2267232092,2267232080,39.53202787,3.3,3.3
2267232105,3444285116,44.22304655,1.8,1.8
2267232105,2267232092,47.06419442,-9.5,0
2267232105,2267232120,22.2174427,3.9,3.9
2267232120,2267232105,22.2174427,-3.9,0
2267232120,3444285116,49.86219504,-2.1,0
2267294179,7366852026,270.0251512,-12.6,0
2267294179,2267294195,110.7128255,11.8,11.8
2267294179,1767473943,31.69004916,2.5,2.5
2267294195,1303243660,21.55207174,0.8,0.8
2267294195,2267294179,110.7128255,-11.8,0
2267294195,2267294203,28.36801042,2.4,2.4
2267294203,1303244213,28.37281604,-0.3,0
2267294203,2267294209,8.426257472,0.3,0.3
2267294203,2267294195,28.36801042,-2.4,0
2267294209,2267294203,8.426257472,-0.3,0
2267294209,2267294271,131.3534861,-8,0
2267294209,2267294261,97.57802967,3.6,3.6
2267294215,2267294272,113.2251586,0.3,0.3
2267294225,1303244266,15.8440776,0.5,0.5
2267294225,10750743308,27.5700352,-0.9,0
2267294225,1303244080,85.03252943,-0.5,0
2267294241,2267294248,20.33144663,-0.2,0
2267294241,2267294283,141.7043515,2.9,2.9
2267294241,7366852025,61.3365448,-0.7,0
2267294248,2267294241,20.33144663,0.2,0.2
2267294248,7369027661,39.52306306,-0.7,0
2267294248,2267294286,152.9031645,3.2,3.2
2267294253,2267294305,155.8516114,-0.9,0
2267294261,2267294265,25.88889954,0,0
2267294261,2267231841,91.17403822,-10.8,0
2267294261,2267294209,97.57802967,-3.6,0
2267294265,1303244080,25.97450799,-0.9,0
2267294265,2267294261,25.88889954,0,0
2267294265,1303244266,106.7414885,0.1,0.1
2267294271,2267294272,22.47589213,-2.4,0
2267294271,2267294209,131.3534861,8,8
2267294271,6407480816,34.62489395,0.8,0.8
2267294272,2267294271,22.47589213,2.4,2.4
2267294272,2267294283,109.8692763,-13.1,0
2267294272,2267294215,113.2251586,-0.3,0
2267294283,2267294286,7.462479448,0.1,0.1
2267294283,2267294241,141.7043515,-2.9,0
2267294283,2267294272,109.8692763,13.1,13.1
2267294286,2267294283,7.462479448,-0.1,0
2267294286,1303245928,85.08720503,1.5,1.5
2267294286,2267294248,152.9031645,-3.2,0
2267294297,1303245219,5.656008075,-0.1,0
2267294297,2267294316,26.96884796,1.2,1.2
2267294297,1303244958,106.9665879,0.5,0.5
2267294305,1303245219,28.28291569,3.3,3.3
2267294305,2267294253,155.8516114,0.9,0.9
2267294305,2267294338,127.0265129,-14.9,0
2267294316,2267294297,26.96884796,-1.2,0
2267294336,2267294337,49.13606689,0.2,0.2
2267294336,7366852212,96.05469197,-2.3,0
2267294336,7366852175,5.954141309,-0.1,0
2267294337,2267294336,49.13606689,-0.2,0
2267294337,7366852176,5.242974835,0.1,0.1
2267294337,7366852198,256.2871014,-2,0
2267294338,2267231899,37.72083974,-0.1,0
2267294338,11954201550,53.65149919,0.3,0.3
2267294338,2267294305,127.0265129,14.9,14.9
2267294339,2267294341,4.320099746,0,0
2267294339,7366852175,12.34231574,-0.5,0
2267294339,6407480800,57.23751817,6.4,6.4
2267294341,2267294339,4.320099746,0,0
2267294341,2267294362,122.5928076,12.7,12.7
2267294341,2267294342,46.54064731,0.2,0.2
2267294342,2267294346,12.08893281,0.9,0.9
2267294342,7366852176,10.39672544,-0.3,0
2267294342,2267294341,46.54064731,-0.2,0
2267294346,2267294342,12.08893281,-0.9,0
2267294355,2267294362,107.7508517,-3.2,0
2267294362,2267294355,107.7508517,3.2,3.2
2267294362,2267231956,65.63683495,8,8
2267294362,2267294341,122.5928076,-12.7,0
2267294373,2267232000,170.5540521,-2.9,0
2267296171,2267296176,71.74661503,7.9,7.9
2267296171,2187246625,103.9430474,-1.8,0
2267296171,12022212138,76.96448885,1.3,1.3
2267296176,1303150582,3.549240819,-0.1,0
2267296176,2187246866,27.5369954,-0.8,0
2267296176,2267296171,71.74661503,-7.9,0
2267312392,908108783,32.08161505,-2.4,0
2267312392,908108584,84.72087617,6.9,6.9
2267312392,2267312397,38.90748025,-3.1,0
2267312397,2267312392,38.90748025,3.1,3.1
2267312397,908108715,34.09972322,1.9,1.9
2267312397,908108541,30.82964319,-6.6,0
2267373260,1484203389,20.56375028,0,0
2267877232,2267877234,59.27862975,-0.7,0
2267877234,1484203328,10.67043426,-0.1,0
2267877234,2267877232,59.27862975,0.7,0.7
2267877234,2139630239,56.54508728,-0.6,0
2267877235,6394408457,18.28726373,0.1,0.1
2267877235,1484203328,58.06454641,-0.3,0
2267877235,2134826851,124.5969278,-0.8,0
2268334585,10732733563,40.74404276,-7.3,0
2268359400,2139628835,5.869820689,-0.1,0
2268359400,2268359408,138.2457792,-0.1,0
2268359400,8796851753,33.01995613,1.1,1.1
2268359407,2268359408,3.5087189,0,0
2268359407,1484203310,71.08504101,-0.7,0
2268359407,2268359409,42.24276953,1.8,1.8
2268359408,3926735719,12.52835031,0.2,0.2
2268359408,2268359407,3.5087189,0,0
2268359408,2268359400,138.2457792,0.1,0.1
2268359409,2268359407,42.24276953,-1.8,0
2268359415,9983573432,10.1502801,1,1
2268359415,2136813367,158.0085794,-5.1,0
2268359415,2136813798,41.17229064,-1.4,0
2268359417,2139656838,28.95020062,-0.2,0
2268359417,1484203420,99.27822642,-4.6,0
2268359417,2139656835,26.52204448,0.1,0.1
2268363053,1303244391,15.43425039,0.9,0.9
2268363053,9983573432,169.6907169,-10.4,0
2268363053,9983573434,32.08829547,0.2,0.2
2268363057,1303243857,5.71775614,-0.1,0
2268363057,6452330415,38.13405448,1.7,1.7
2268363057,10937054768,25.65834315,-0.9,0
2268363058,6447785889,24.46308411,-0.6,0
2268363058,6452330415,18.33929316,-1.3,0
2268363058,6452330432,61.5494631,12.3,12.3
2268363060,1303243857,34.66810119,-2,0
2268363060,6447785889,11.09738824,0.5,0.5
2268363060,1303246444,106.8786047,4.3,4.3
2268370311,8796848807,46.37060136,0,0
2268370311,2268370313,19.51776657,-0.6,0
2268370311,8796848802,45.12684582,-7,0
2268370313,2268370311,19.51776657,0.6,0.6
2268370313,2268370325,41.74832065,-3.1,0
2268370313,9983566999,32.93079578,0.2,0.2
2268370321,8796851730,20.52325061,0.2,0.2
2268370321,2268370361,34.1165758,1.7,1.7
2268370321,8796851737,22.81756728,-0.3,0
2268370325,8796848798,98.41946283,-11.1,0
2268370325,2268370313,41.74832065,3.1,3.1
2268370325,8796851741,36.93848572,-2.1,0
2268370361,8796848789,12.17507299,0.5,0.5
2268370361,9983573421,30.41603385,-3,0
2268370361,2268370321,34.1165758,-1.7,0
2268370369,1303245451,20.87577999,1.3,1.3
2268370369,1303244423,14.21687419,-0.3,0
2268370369,9983573421,4.959969001,0.1,0.1
2268370381,6452247882,6.274853158,-0.1,0
2268370381,6452247878,127.051947,3.8,3.8
2268370381,2268370385,49.77257998,0.5,0.5
2268370381,2268370400,33.92686115,3.6,3.6
2268370385,1303246453,8.532667201,0,0
2268370385,2268370381,49.77257998,-0.5,0
2268370385,2268370389,41.79211979,-0.6,0
2268370389,2268370385,41.79211979,0.6,0.6
2268370389,2268371096,8.40048965,-0.3,0
2268370389,1303244466,6.544361112,0,0
2268370400,1303243668,66.67890598,-0.3,0
2268370400,1303244084,45.0620358,0.2,0.2
2268370400,2268370381,33.92686115,-3.6,0
2268370402,1303244084,41.55842025,-0.2,0
2268371096,2268371097,12.59257643,0.4,0.4
2268371096,2268370389,8.40048965,0.3,0.3
2268371096,10794673135,78.31357403,-3.3,0
2268371097,9983573438,29.83217719,2.4,2.4
2268371097,2268371096,12.59257643,-0.4,0
2268371097,2268371105,61.46939398,1.7,1.7
2268371105,1303243765,23.42313969,1,1
2268371105,1303243724,138.3706572,-2.4,0
2268371105,2268371097,61.46939398,-1.7,0
2469038988,1704650319,21.92041803,0.3,0.3
2469038988,2555242414,22.4320551,-0.3,0
2469038988,2469038990,43.29163861,0.3,0.3
2469038990,7368660734,35.91443753,-0.1,0
2469038990,7368660736,47.97271949,-0.5,0
2469038990,2469038988,43.29163861,-0.3,0
2552572584,1303244259,42.1847305,-2.4,0
2552572584,2637060790,2.947791579,0.1,0.1
2552572584,1303244500,25.78237823,1.4,1.4
2552572600,1303244551,24.7601936,-0.1,0
2552572600,2552572602,63.66246475,-0.4,0
2552572600,9983573465,139.4619954,0.1,0.1
2552572602,2637060790,35.22358798,-2.6,0
2552572602,1303244500,20.85030448,-1.3,0
2552572602,1303245799,27.53077356,-2.3,0
2552572602,2552572600,63.66246475,0.4,0.4
2552572607,1728170092,34.78432743,-0.2,0
2552572607,1728170102,78.53258185,0.9,0.9
2552572607,2552572609,35.32860292,-1.7,0
2552572607,2552572610,48.07468621,1.9,1.9
2552572609,7099852040,49.20265597,-6.6,0
2552572609,7099852052,14.94786548,-0.5,0
2552572609,2552572607,35.32860292,1.7,1.7
2552572610,10723483833,89.33466897,5.6,5.6
2552572610,2552572607,48.07468621,-1.9,0
2552572610,1728170066,28.16532213,-0.2,0
2552572610,1704577740,29.37055665,-1.2,0
2555242407,2587567960,29.31962121,-1.3,0
2555242407,9933290458,93.69108553,0.6,0.6
2555242407,1303246079,29.83678177,0.3,0.3
2555242414,2469038988,22.4320551,0.3,0.3
2555242414,2626055013,32.74200977,5.1,5.1
2555242414,9933290457,18.77966715,-0.3,0
2555242487,2564615216,28.91261696,-0.6,0
2555242487,2575577325,48.92503281,2,2
2555242487,2558496353,41.03046619,-0.8,0
2555242487,1303244587,38.07458167,1.7,1.7
2555365272,9933290457,7.011528105,-0.1,0
2555365273,9933290458,5.421191437,-0.2,0
2558452287,1984399487,28.75190701,1.8,1.8
2558452287,2587567958,12.04857709,-0.1,0
2558452287,1303244149,5.374054652,-0.1,0
2558496348,1704650317,4.379279439,0,0
2558496348,1303244792,2.673740375,0,0
2558496348,2587513304,44.88256683,-2.5,0
2558496350,2587567971,143.3547635,-2.2,0
2558496350,1303243746,21.28231548,4.7,4.7
2558496350,2587513290,111.9685387,-2.1,0
2558496353,2555242487,41.03046619,0.8,0.8
2558588574,1983118520,34.75366728,0,0
2558588574,1984029544,82.58515451,-0.5,0
2558588574,2558588796,169.1236531,-0.4,0
2558588781,7368660671,71.40906636,3.7,3.7
2558588781,2558588811,15.24943786,-0.1,0
2558588781,7369027663,65.87976357,0.8,0.8
2558588796,2588145134,41.26685721,-1,0
2558588796,7368658454,3.74641111,-0.1,0
2558588796,2558588574,169.1236531,0.4,0.4
2558588811,2588145136,41.96069393,-0.5,0
2558588811,7368658454,5.280158252,-0.1,0
2558588811,2558588781,15.24943786,0.1,0.1
2561641399,7099852156,3.477884319,0,0
2561641399,7099852154,7.730355033,0.3,0.3
2561641399,2561641415,38.66333736,-1.5,0
2561641415,2561641399,38.66333736,1.5,1.5
2561641415,2561641488,60.25910614,-5.9,0
2561641415,7099851997,33.14448475,-9.1,0
2561641453,7099851995,8.601573134,-0.1,0
2561641453,7099851997,10.43321304,-0.1,0
2561641453,2561641488,48.04447871,3.1,3.1
2561641488,2561641415,60.25910614,5.9,5.9
2561641488,5406585804,45.42217894,-2.7,0
2561641488,2561641453,48.04447871,-3.1,0
2564615216,1303244654,6.757480769,0.1,0.1
2564615216,2555242487,28.91261696,0.6,0.6
2564615216,2587513219,66.45395092,0.9,0.9
2564615216,2587513257,80.54381175,1.3,1.3
2566516697,1728170096,34.32867283,3.5,3.5
2566516697,4070941346,79.28966026,0.1,0.1
2566516697,7099852156,123.3851221,-0.7,0
2572501767,2572501773,13.8824542,-1.6,0
2572501767,2575577451,13.7476121,-1.3,0
2572501767,1704650317,26.69714298,-1.1,0
2572501767,1704650319,16.83542476,-5.3,0
2572501773,2572501767,13.8824542,1.6,1.6
2574341570,1704650283,6.60001814,0,0
2574341570,7368660747,72.1953559,-0.3,0
2574341570,1303244973,41.77430835,0,0
2574341575,1984399487,42.35330944,0.1,0.1
2574341575,1984399488,48.13573589,-0.1,0
2574341575,2574341576,6.361318259,0,0
2574341576,1303244973,5.910320492,-0.1,0
2574341576,1303245215,24.1243086,0.1,0.1
2574341576,2574341575,6.361318259,0,0
2574341576,1303243645,109.8040945,-4.8,0
2574372159,7369034002,68.4575111,-0.5,0
2574372159,1303244623,30.76401252,0.4,0.4
2574372159,4070941420,3.554780343,0.1,0.1
2574372170,1303246232,42.92627552,-1.5,0
2574372170,2574372177,24.56202268,1.3,1.3
2574372170,2574372175,29.38319927,-1.7,0
2574372175,2574372178,2.856517214,-0.2,0
2574372175,7369033992,26.36329521,-2.1,0
2574372175,2574372170,29.38319927,1.7,1.7
2574372177,1767725819,36.55260401,0,0
2574372177,2574372178,11.80928406,-3.2,0
2574372177,2574372170,24.56202268,-1.3,0
2574372178,2574372175,2.856517214,0.2,0.2
2574372178,2574372177,11.80928406,3.2,3.2
2574372178,7369033991,11.90267365,-2,0
2575577290,10605937411,15.70704096,-0.2,0
2575577290,10742965969,53.15781237,0.9,0.9
2575577290,2587513220,70.03225557,-1.6,0
2575577325,2555242487,48.92503281,-2,0
2575577325,2616953991,200.8860383,0.3,0.3
2575577325,7368660732,31.37487048,-0.3,0
2575577325,1704650185,37.3446251,0.5,0.5
2575577451,2572501767,13.7476121,1.3,1.3
2584838992,2587513281,8.743595924,-0.2,0
2587513203,2587513212,18.34488456,0.3,0.3
2587513203,2587513205,7.451121406,-0.2,0
2587513203,6447147574,96.44855401,-0.3,0
2587513203,6437962876,56.06703795,2.6,2.6
2587513205,1695860127,8.715234555,0.2,0.2
2587513205,461630321,44.34039893,-1,0
2587513205,2587513207,8.080696798,0.2,0.2
2587513205,2587513203,7.451121406,0.2,0.2
2587513207,7368660730,9.729656021,-0.4,0
2587513207,1695860175,8.868952199,0.2,0.2
2587513207,2587513209,5.516964971,0.1,0.1
2587513207,2587513205,8.080696798,-0.2,0
2587513209,2587513207,5.516964971,-0.1,0
2587513209,2587513211,3.235377038,0.2,0.2
2587513209,7368660730,14.33789497,-0.5,0
2587513211,2587513216,7.056246017,0.1,0.1
2587513211,2592759483,28.75376152,0.2,0.2
2587513211,2587513209,3.235377038,-0.2,0
2587513212,2587513203,18.34488456,-0.3,0
2587513212,2587513215,6.850994477,-0.1,0
2587513212,6437963387,41.52313504,1.2,1.2
2587513215,1695860127,9.798948761,-0.2,0
2587513215,2587513217,7.850577484,0.2,0.2
2587513215,2587513212,6.850994477,0.1,0.1
2587513215,6437962863,67.10304102,1.8,1.8
2587513216,1695860175,8.082596499,-0.2,0
2587513216,2587513211,7.056246017,-0.1,0
2587513216,2587513219,7.123254613,0.2,0.2
2587513216,1303244654,66.86143195,-0.6,0
2587513217,1695860175,9.91184322,-0.2,0
2587513217,2587513220,6.125948431,0.3,0.3
2587513217,2587513215,7.850577484,-0.2,0
2587513217,1704222967,109.9965431,2.7,2.7
2587513219,2587513216,7.123254613,-0.2,0
2587513219,2587513220,3.622745583,0.1,0.1
2587513219,2564615216,66.45395092,-0.9,0
2587513220,2587513217,6.125948431,-0.3,0
2587513220,2575577290,70.03225557,1.6,1.6
2587513220,2587513219,3.622745583,-0.1,0
2587513237,2587513239,4.324070838,0.1,0.1
2587513237,2592759377,134.2475154,-3.6,0
2587513237,2592759483,78.6855025,1.1,1.1
2587513239,1303244922,6.619096209,0,0
2587513239,2587513237,4.324070838,-0.1,0
2587513239,2587513241,4.606951716,0.1,0.1
2587513239,1303246369,56.58832537,-2,0
2587513241,2587513239,4.606951716,-0.1,0
2587513241,2587513251,38.40669534,1.3,1.3
2587513241,2616953970,59.46855493,-2.1,0
2587513251,2587513255,6.806742271,0.1,0.1
2587513251,2587513258,4.970723976,0.1,0.1
2587513251,2587513241,38.40669534,-1.3,0
2587513255,1303246009,5.864782841,0,0
2587513255,2587513257,7.391848267,0,0
2587513255,2587513251,6.806742271,-0.1,0
2587513255,1303244922,39.98597719,-1.5,0
2587513257,2587513255,7.391848267,0,0
2587513257,2564615216,80.54381175,-1.3,0
2587513257,2587513263,4.854162224,0,0
2587513258,1303246009,8.255354551,0,0
2587513258,1303244149,89.39312191,1.5,1.5
2587513258,2587513269,18.68769935,0,0
2587513258,2587513251,4.970723976,-0.1,0
2587513263,2587513268,5.511239516,0.1,0.1
2587513263,2587513257,4.854162224,0,0
2587513263,2587513270,13.03143041,0.3,0.3
2587513268,1303244324,74.86796539,1.6,1.6
2587513268,1303246009,8.765242569,-0.1,0
2587513268,2587513263,5.511239516,-0.1,0
2587513268,2587513269,4.825736633,-0.1,0
2587513269,2587513272,9.396662969,0.2,0.2
2587513269,2587513268,4.825736633,0.1,0.1
2587513269,2587513258,18.68769935,0,0
2587513270,2587513282,58.69682917,1.2,1.2
2587513270,2587513263,13.03143041,-0.3,0
2587513270,1303244587,46.52070707,0.7,0.7
2587513272,2587513269,9.396662969,-0.2,0
2587513272,1984399488,36.0994654,3,3
2587513272,2587513285,60.46035602,1.1,1.1
2587513273,2587513279,4.699888479,-0.1,0
2587513273,2626055010,51.71535949,1.1,1.1
2587513273,2587513276,7.57517201,-0.2,0
2587513276,7368660725,3.010556946,-0.1,0
2587513276,2587513273,7.57517201,0.2,0.2
2587513276,7368660729,29.86168442,0.1,0.1
2587513279,1484203803,9.494491376,-0.2,0
2587513279,2587513280,6.79034107,-0.1,0
2587513279,2587513273,4.699888479,0.1,0.1
2587513279,6437962863,148.7368596,0,0
2587513280,2163993055,27.92315212,0.5,0.5
2587513280,1704222985,9.288819781,-0.1,0
2587513280,2587513281,4.26680131,0.1,0.1
2587513280,2587513279,6.79034107,0.1,0.1
2587513281,2587513280,4.26680131,-0.1,0
2587513281,2584838992,8.743595924,0.2,0.2
2587513281,7368660724,18.4699301,-0.3,0
2587513282,2587513270,58.69682917,-1.2,0
2587513282,2587513304,119.6838511,2.6,2.6
2587513282,1704650171,44.93357813,0.2,0.2
2587513285,2587513288,5.487015212,0.4,0.4
2587513285,7368660747,39.61454807,1.6,1.6
2587513285,2587513272,60.46035602,-1.1,0
2587513288,1303243623,39.3952677,1.2,1.2
2587513288,1303244324,6.685545339,0,0
2587513288,2587513285,5.487015212,-0.4,0
2587513288,2587513290,5.347299789,0.3,0.3
2587513290,2587513288,5.347299789,-0.3,0
2587513290,2558496350,111.9685387,2.1,2.1
2587513290,7368660742,39.99668132,0.9,0.9
2587513304,2587513282,119.6838511,-2.6,0
2587513304,2587567963,143.6381822,-2.1,0
2587513304,2558496348,44.88256683,2.5,2.5
2587567925,1303244269,3.125888504,0,0
2587567925,2616953961,108.4753234,2.4,2.4
2587567925,2616953961,105.5958422,2.4,2.4
2587567925,7368660618,49.80140665,-1.5,0
2587567955,2587567958,17.72614591,0.7,0.7
2587567958,2587567955,17.72614591,-0.7,0
2587567958,2636411744,33.14080027,2.5,2.5
2587567958,2558452287,12.04857709,0.1,0.1
2587567960,2555242407,29.31962121,1.3,1.3
2587567960,7368660724,98.50323864,1.2,1.2
2587567960,6449418989,27.34386408,0,0
2587567963,2587513304,143.6381822,2.1,2.1
2587567963,2587567967,3.017503167,0,0
2587567963,2587567965,6.600617668,-0.2,0
2587567965,1303244404,4.83153312,0.1,0.1
2587567965,1303246046,43.5812478,0,0
2587567965,2587567963,6.600617668,0.2,0.2
2587567965,2587567969,6.02114211,-0.1,0
2587567967,1303244404,6.028490867,-0.1,0
2587567967,2587567971,7.606486348,-0.1,0
2587567967,2587567963,3.017503167,0,0
2587567967,1303244324,260.2083144,-0.3,0
2587567969,2587567973,2.778068388,0.1,0.1
2587567969,6449418996,102.6086878,-1.4,0
2587567969,2587567965,6.02114211,0.1,0.1
2587567971,2587567967,7.606486348,0.1,0.1
2587567971,2558496350,143.3547635,2.2,2.2
2587567971,2587567974,6.436784565,-0.1,0
2587567973,1303243388,41.86316547,-0.9,0
2587567973,1303244404,4.939997971,0.1,0.1
2587567973,2587567976,7.594516637,0,0
2587567973,2587567969,2.778068388,-0.1,0
2587567974,1303244404,9.08489271,0.1,0.1
2587567974,7368660650,76.85402607,2.6,2.6
2587567974,2587567976,5.019487325,0,0
2587567974,2587567971,6.436784565,0.1,0.1
2587567976,2587567973,7.594516637,0,0
2587567976,7368660751,37.37923418,-1,0
2587567976,2587567974,5.019487325,0,0
2588145125,7368660682,20.74107829,-0.7,0
2588145125,2588145130,58.90774091,1.9,1.9
2588145125,1983118464,95.04213025,-2.3,0
2588145130,2588145131,19.68468121,0.8,0.8
2588145130,1984029544,11.18917708,2.6,2.6
2588145130,2588145125,58.90774091,-1.9,0
2588145131,2588145130,19.68468121,-0.8,0
2588145131,2588145134,27.21889692,0.9,0.9
2588145131,1984029544,24.12842011,1.8,1.8
2588145134,7369027671,4.041563204,0.2,0.2
2588145134,2558588796,41.26685721,1,1
2588145134,2588145131,27.21889692,-0.9,0
2588145136,7369027671,4.910125636,-0.3,0
2588145136,2558588811,41.96069393,0.5,0.5
2588145136,2588145166,51.2203961,1.5,1.5
2588145166,1984029563,17.44242753,0.1,0.1
2588145166,1984399485,26.88146031,-0.4,0
2588145166,2588145136,51.2203961,-1.5,0
2588145178,1984399485,2.651284452,0.2,0.2
2588145178,10750699000,2.292095866,-0.2,0
2588145178,1984399490,45.47281579,1,1
2588145184,10738681913,4.128095782,-0.2,0
2588145184,1303244394,4.781364517,-0.2,0
2588145184,10750699000,4.771404172,-0.2,0
2588145184,1303243958,83.97607089,-1.2,0
2588145189,1303244394,5.533264939,0.1,0.1
2588145189,1303245215,133.5460079,3.7,3.7
2588145189,2588145198,5.184321677,-0.2,0
2588145189,10750699000,4.434095537,0.1,0.1
2588145198,10750698995,3.963827305,0.1,0.1
2588145198,6957360458,44.60226504,-1.5,0
2588145198,2588145189,5.184321677,0.2,0.2
2591041246,2591041253,10.39986485,0,0
2591041246,2591041248,20.21055742,-0.1,0
2591041246,7369033990,60.20757242,-3.1,0
2591041248,2591041259,8.204156204,0,0
2591041248,2591041246,20.21055742,0.1,0.1
2591041248,2591041250,12.07470052,0,0
2591041250,2591041248,12.07470052,0,0
2591041253,2591041246,10.39986485,0,0
2591041259,2591041248,8.204156204,0,0
2591757151,6437962852,111.9728507,0.8,0.8
2591757151,5240301945,100.9660389,-1.2,0
2591757151,5240301958,17.84508611,0.1,0.1
2592759141,2592759156,4.282074687,-0.1,0
2592759141,2592759184,11.37564656,0.8,0.8
2592759141,7099851929,96.51382231,-0.2,0
2592759156,2592759141,4.282074687,0.1,0.1
2592759156,2592759427,65.55585214,2.5,2.5
2592759156,5240301095,63.48602863,-0.2,0
2592759184,2592759339,21.54155221,1,1
2592759184,2592759141,11.37564656,-0.8,0
2592759184,7099828383,37.64755306,-0.2,0
2592759336,2592759339,4.92808144,-0.3,0
2592759336,2592759377,8.036406918,0.3,0.3
2592759336,7099828383,49.20157716,-1.5,0
2592759339,2592759184,21.54155221,-1,0
2592759339,2592759360,3.796094586,0.1,0.1
2592759339,2592759336,4.92808144,0.3,0.3
2592759360,2592759436,40.6770719,0.5,0.5
2592759360,2592759377,10.77718703,0.5,0.5
2592759360,2592759339,3.796094586,-0.1,0
2592759377,2587513237,134.2475154,3.6,3.6
2592759377,2592759336,8.036406918,-0.3,0
2592759377,2592759360,10.77718703,-0.5,0
2592759427,2592759156,65.55585214,-2.5,0
2592759427,2592759436,4.314448872,0,0
2592759427,10605937411,165.2320934,6.3,6.3
2592759436,2592759360,40.6770719,-0.5,0
2592759436,2592759427,4.314448872,0,0
2592759436,2592759483,19.59868853,4.7,4.7
2592759483,2587513237,78.6855025,-1.1,0
2592759483,2587513211,28.75376152,-0.2,0
2592759483,2592759436,19.59868853,-4.7,0
2598709650,1303243645,17.35021087,1.2,1.2
2598709650,1303243337,45.43159675,-2.7,0
2598709650,10750698991,74.72645862,0.5,0.5
2598709682,1303151405,38.25775439,2,2
2598709682,1303151619,40.20606885,-3.6,0
2598709682,7366844987,75.5446661,-2.8,0
2598709700,1302821425,33.86046712,-1,0
2598709700,1302822442,27.70740859,0.6,0.6
2598709700,9269072672,31.17119295,0.3,0.3
2598709705,2598709711,45.22001707,-2.4,0
2598709705,9269278311,16.1933782,0.8,0.8
2598709705,1457663906,25.21451502,1.6,1.6
2598709711,1302821294,94.19007475,-7.3,0
2598709711,2598709705,45.22001707,2.4,2.4
2616953961,1303243582,3.600046819,0.1,0.1
2616953961,2587567925,108.4753234,-2.4,0
2616953961,2587567925,105.5958422,-2.4,0
2616953961,2616953970,33.56968446,0.6,0.6
2616953964,2162718497,26.87896459,-0.4,0
2616953970,1303246369,5.209186684,0,0
2616953970,1303244149,89.49485824,5,5
2616953970,2587513241,59.46855493,2.1,2.1
2616953970,2616953961,33.56968446,-0.6,0
2616953991,10732935708,7.678041847,-0.1,0
2616953991,2575577325,200.8860383,-0.3,0
2616953991,10734888802,24.15908573,0.2,0.2
2626054985,10737082094,42.48028804,-1,0
2626054985,2626054988,76.07019023,6.4,6.4
2626054985,10737093418,139.9846285,-4.1,0
2626054988,10739295320,20.41430334,5.8,5.8
2626054988,10739295320,78.90162991,5.8,5.8
2626054988,2626054985,76.07019023,-6.4,0
2626054988,6447785891,125.6068007,-1.9,0
2626054988,2626054993,71.53818473,-1.5,0
2626054993,1484203694,34.89771336,-7.2,0
2626054993,2626054988,71.53818473,1.5,1.5
2626054993,1484203758,79.44165188,-1.5,0
2626055004,6447147517,33.99354664,0.3,0.3
2626055004,2626055007,51.28221269,0.4,0.4
2626055004,2626055012,76.28434863,4.5,4.5
2626055007,7368660729,36.55175335,-1.8,0
2626055007,2626055013,25.02335093,4.1,4.1
2626055007,2626055004,51.28221269,-0.4,0
2626055010,3034938068,38.41331533,0.5,0.5
2626055010,2587513273,51.71535949,-1.1,0
2626055010,2626055012,19.14222657,4.7,4.7
2626055012,2626055013,4.168142943,0,0
2626055012,2626055004,76.28434863,-4.5,0
2626055012,2626055010,19.14222657,-4.7,0
2626055013,2626055012,4.168142943,0,0
2626055013,2555242414,32.74200977,-5.1,0
2626055013,2626055007,25.02335093,-4.1,0
2626055014,7368660725,29.7884843,-0.2,0
2626055014,1484203786,4.010799547,0,0
2626055014,7368660729,2.673491559,0,0
2636411690,7369033984,170.3800108,11.9,11.9
2636411690,1767727210,9.332446632,0.2,0.2
2636411690,1303245814,32.51906823,0.2,0.2
2636411744,1983118522,211.0801705,-3.3,0
2636411744,2587567958,33.14080027,-2.5,0
2636411744,7368660696,11.76547824,-0.2,0
2636411756,7368658439,1.411559716,-0.1,0
2636411763,2636411765,3.288279492,0,0
2636411764,1303245004,27.95999442,0.7,0.7
2636411764,2636411765,32.2517332,0.3,0.3
2636411764,1303244494,158.1506143,-6.5,0
2636411765,2636411763,3.288279492,0,0
2636411765,2636411764,32.2517332,-0.3,0
2636411765,4070880057,45.94095145,-3,0
2636411765,1303243471,26.68307223,-1,0
2636411766,461629482,9.587276084,-0.2,0
2636411766,7368660726,119.3557319,1.2,1.2
2636411766,7368660598,5.82527828,-0.1,0
2636411766,2636411768,10.15954321,0.1,0.1
2636411768,461629162,8.959155206,-0.1,0
2636411768,2636411766,10.15954321,-0.1,0
2636411768,6449418989,6.452628072,0.1,0.1
2636411768,7368660727,123.4919565,1.2,1.2
2636411770,461629162,9.670266553,-0.2,0
2636411770,6449418991,5.30525316,0.1,0.1
2636411770,2636411771,9.887133848,-0.3,0
2636411770,2636411795,128.6166216,0.9,0.9
2636411771,308022101,9.087132447,-0.2,0
2636411771,2636411770,9.887133848,0.3,0.3
2636411771,7368658457,3.060635031,-0.1,0
2636411771,2636411794,125.789082,1,1
2636411794,1704650244,11.21038389,-0.1,0
2636411794,7366852165,3.174374946,-0.1,0
2636411794,2636411795,6.691391301,0.2,0.2
2636411794,2636411771,125.789082,-1,0
2636411795,1704650253,10.29194714,-0.1,0
2636411795,2636411794,6.691391301,-0.2,0
2636411795,6449418995,4.722938671,0,0
2636411795,2636411770,128.6166216,-0.9,0
2637060664,2637060666,24.13973939,-0.1,0
2637060665,916073694,45.43014032,-1.5,0
2637060665,916073694,155.1719757,-1.5,0
2637060665,916073664,114.9449264,6.3,6.3
2637060666,1728169965,58.14414387,-0.4,0
2637060666,1728169957,31.93727579,0.3,0.3
2637060666,2637060664,24.13973939,0.1,0.1
2637060681,8411280186,21.74839022,0,0
2637060755,10723483817,47.78886647,-0.1,0
2637060769,2637060775,32.51427037,1,1
2637060769,2637060772,19.84347003,0.5,0.5
2637060769,9983573542,5.669423625,-0.4,0
2637060772,2637060775,12.68502687,0.5,0.5
2637060772,2637060769,19.84347003,-0.5,0
2637060772,2637060777,22.13329229,0.7,0.7
2637060772,2637060777,21.83808156,0.7,0.7
2637060775,2637060772,12.68502687,-0.5,0
2637060775,2637060769,32.51427037,-1,0
2637060775,9983573556,12.59070263,-0.1,0
2637060777,2639302703,2.17631002,-0.2,0
2637060777,2637060772,21.83808156,-0.7,0
2637060777,2637060772,22.13329229,-0.7,0
2637060790,2552572584,2.947791579,-0.1,0
2637060790,2552572602,35.22358798,2.6,2.6
2637060790,1303243541,27.46540591,-0.6,0
2637060815,908108470,45.86473393,-0.5,0
2637060815,308022854,8.820540201,0,0
2637060815,7366584619,4.61668677,-0.2,0
2637060815,4070996680,6.139566337,0.2,0.2
2637060829,1303151529,43.20512181,-3.9,0
2637060829,1303152967,31.34121864,3.2,3.2
2637060829,1303151393,96.72585949,-2.5,0
2637979826,7369033995,6.417705056,0,0
2637979826,7369033993,5.141896184,0.1,0.1
2637979826,7369033999,6.996873691,-0.1,0
2637979826,461630500,8.410354386,0.1,0.1
2639302690,8411280119,51.10303734,0.6,0.6
2639302693,8411280120,4.318104078,-0.2,0
2639302694,2639302696,19.52299423,-0.2,0
2639302694,2245132927,14.9031419,0.1,0.1
2639302694,8411280119,6.38968419,0,0
2639302696,10721114684,18.75615362,0,0
2639302696,2639302694,19.52299423,0.2,0.2
2639302696,8411280120,6.979642882,0,0
2639302703,2637060777,2.17631002,0.2,0.2
2639302703,4070941383,29.32928612,0.6,0.6
2639302703,10723483826,108.2505219,-0.3,0
2639302705,2639302710,25.57915792,2.3,2.3
2639302705,10721102962,62.87779155,-1,0
2639302705,10721114731,81.04826458,0,0
2639302710,2639302705,25.57915792,-2.3,0
2639302710,2639302714,23.08050156,0,0
2639302710,2639302720,13.53094039,0.5,0.5
2639302714,4070941383,7.024305384,-1.1,0
2639302714,2245132845,14.49228707,2,2
2639302714,2639302710,23.08050156,0,0
2639302720,1728170028,23.78489586,-2,0
2639302720,10723483833,19.1647766,0.2,0.2
2639302720,2639302710,13.53094039,-0.5,0
2639302795,4020938319,40.56921292,0.1,0.1
2639302795,4020938318,33.19350566,0.2,0.2
2639302795,8132869465,46.89242587,-3,0
2639302807,4020938322,17.17430776,0,0
2639302807,4020938321,5.795491937,0,0
2639302807,4020938323,15.91455366,-0.1,0
2639302817,6534663641,83.67052653,1.6,1.6
2639302817,7368658467,24.74030807,-0.2,0
2639302817,2639302822,44.68747852,1.5,1.5
2639302822,2639302817,44.68747852,-1.5,0
2639302822,6452310369,27.97411476,0.3,0.3
2639302822,6452310902,10.728578,0,0
2643543049,1617305643,25.78934912,2.9,2.9
2643543050,1617305643,23.20076807,-2.9,0
2643543050,6452126455,9.094165718,0,0
2643543050,6452126453,11.36131002,0.1,0.1
2643543079,7368660680,42.13430028,-1.4,0
2643543079,2643543081,64.18533722,1.8,1.8
2643543079,1303245267,29.86452893,-0.8,0
2643543081,2643543079,64.18533722,-1.8,0
2857742914,13403237136,21.33055985,0.3,0.3
2857742914,13403237136,32.30838199,0.3,0.3
2857742914,13403237136,34.02872868,0.3,0.3
2857742914,7368658454,4.581283847,0,0
3034938010,3034938068,42.01451282,-14.1,0
3034938068,6447147569,58.79559149,-1.3,0
3034938068,2626055010,38.41331533,-0.5,0
3034938068,3034938010,42.01451282,14.1,14.1
3084725044,9983566978,38.14712756,-1.3,0
3084725044,1617305643,73.62033983,1,1
3084725044,5587339789,114.4445712,-0.6,0
3444285112,2267232082,7.68668503,0.3,0.3
3444285112,2267231989,153.9276162,-17.1,0
3444285112,3444285116,43.67441982,2.4,2.4
3444285116,2267232105,44.22304655,-1.8,0
3444285116,2267232120,49.86219504,2.1,2.1
3444285116,3444285112,43.67441982,-2.4,0
3730509318,3730600394,31.49346765,3,3
3730509318,1303150921,46.80689991,-2.9,0
3730509318,3730509321,41.30105497,-2.3,0
3730509319,3730550104,25.20039202,-1.1,0
3730509319,1303243719,9.61212206,-0.1,0
3730509319,3730600394,18.58122034,0,0
3730509321,3730509318,41.30105497,2.3,2.3
3730509321,4070941012,129.1130896,-1.7,0
3730509321,4699680469,121.1431431,1.2,1.2
3730545045,3730545047,21.01319392,-0.2,0
3730545045,1303243998,12.34503697,-0.5,0
3730545045,1303246306,28.86049593,-0.1,0
3730545047,3730545056,33.81728331,0.2,0.2
3730545047,3730545045,21.01319392,0.2,0.2
3730545047,3730545050,149.784827,-2.7,0
3730545050,3730545051,33.86060862,-0.9,0
3730545050,3730545047,149.784827,2.7,2.7
3730545050,3730545056,154.9175884,2.9,2.9
3730545050,3730545056,255.1818786,2.9,2.9
3730545051,3730545050,33.86060862,0.9,0.9
3730545051,1303244867,16.13599359,-0.4,0
3730545051,1303243438,28.90528354,0.9,0.9
3730545056,3730545047,33.81728331,-0.2,0
3730545056,3730545050,154.9175884,-2.9,0
3730545056,3730545050,255.1818786,-2.9,0
3730545061,3730545063,14.02357353,-0.3,0
3730545061,3730600394,25.06053792,5.5,5.5
3730545061,4070941438,171.9992561,1.2,1.2
3730545063,3730545061,14.02357353,0.3,0.3
3730545063,3730600394,37.22890989,5.8,5.8
3730545063,4070941447,87.15443648,-1.2,0
3730550104,3730509319,25.20039202,1.1,1.1
3730550104,7369033928,100.2571951,-5.7,0
3730550104,1303246413,47.55463322,1.2,1.2
3730600394,3730509319,18.58122034,0,0
3730600394,3730509318,31.49346765,-3,0
3730600394,3730545063,37.22890989,-5.8,0
3730600394,3730545061,25.06053792,-5.5,0
3731552689,461630506,28.08936968,0.7,0.7
3731552689,1303244900,112.9073923,-0.4,0
3731552689,1767739968,77.89507751,-4.2,0
3731572075,1303151281,9.003910035,-0.1,0
3731572075,10751780996,5.05770353,0,0
3731572075,10751780971,3.390338343,0,0
3731572075,2187246388,59.39896371,0.3,0.3
3731572076,6394962485,12.44934169,0.1,0.1
3731572076,1303152201,30.88619727,-0.8,0
3731572076,10751780971,125.8180617,-4,0
3731572078,3731572079,16.79108637,1.5,1.5
3731572078,1303245263,25.48015383,1.3,1.3
3731572078,10736725916,47.07549431,-4.6,0
3731572079,3731572078,16.79108637,-1.5,0
3731572079,4070941295,12.3421061,-0.3,0
3731572079,4070941319,34.00141679,0.9,0.9
3731644107,7369033972,21.97357837,-0.7,0
3731644107,3731644109,11.65116079,0.7,0.7
3731644107,3731644108,46.87352308,0.2,0.2
3731644108,3731644107,46.87352308,-0.2,0
3731644108,3731644110,11.74250721,0.5,0.5
3731644108,3731644113,15.03485031,-0.6,0
3731644109,3731644107,11.65116079,-0.7,0
3731644109,3731644111,10.2737511,0.7,0.7
3731644109,3731644110,46.74209726,0,0
3731644110,3731644109,46.74209726,0,0
3731644110,3731644108,11.74250721,-0.5,0
3731644110,3731644112,10.79974369,0.6,0.6
3731644111,3731644109,10.2737511,-0.7,0
3731644111,1303245549,67.62578938,3.9,3.9
3731644111,3731644112,46.64929529,-0.1,0
3731644112,3731644111,46.64929529,0.1,0.1
3731644112,3731644110,10.79974369,-0.6,0
3731644112,1303246100,67.07511822,3.2,3.2
3731644113,3731644114,23.41401477,0.6,0.6
3731644113,7369033975,7.678842683,0,0
3731644113,3731644108,15.03485031,0.6,0.6
3731644114,3731644113,23.41401477,-0.6,0
3732558535,3732558536,14.48917587,-0.4,0
3732558535,1767739968,48.08981386,1.7,1.7
3732558535,7099852085,11.70153593,-0.5,0
3732558536,7099852085,11.35417796,-0.1,0
3732558536,3732558535,14.48917587,0.4,0.4
3732558536,7099852007,11.76494065,0.1,0.1
3732558536,7099852005,77.43668698,0.3,0.3
3732566499,3732566500,12.62451864,0,0
3732566499,7099852102,12.18101794,-0.1,0
3732566499,7099852091,30.05734333,1.3,1.3
3732566500,3732566499,12.62451864,0,0
3732566500,3732569009,73.20366605,0,0
3732566500,7099851983,30.15225834,0.4,0.4
3732569002,7099852013,53.35605216,-0.7,0
3732569002,7099852011,17.4323793,0.2,0.2
3732569002,1303243874,41.668182,0.9,0.9
3732569009,3732569012,44.080731,0,0
3732569009,3732566500,73.20366605,0,0
3732569009,916037137,132.3202081,9.4,9.4
3732569012,6397663285,32.05236559,0,0
3732569012,4019720125,19.89500823,0,0
3732569012,3732569009,44.080731,0,0
3800772433,1303151802,31.17084627,1,1
3800772433,7369034022,31.84761153,-1,0
3800772433,3800772438,69.09651222,2.6,2.6
3800772438,1303152724,30.791081,-0.9,0
3800772438,7369034023,31.07208996,0.8,0.8
3800772438,3800772433,69.09651222,-2.6,0
3800772438,3800772439,122.6005878,-0.2,0
3800772439,7369034027,28.53833615,-2,0
3800772439,1303151435,32.36999084,2.1,2.1
3800772439,3800772438,122.6005878,0.2,0.2
3800772440,1303151168,69.76143668,-2.4,0
3800772440,3800772443,84.75073846,-4.6,0
3800772440,1303151435,70.06303469,3.4,3.4
3800772443,1303149938,31.32460711,-0.4,0
3800772443,3800772440,84.75073846,4.6,4.6
3800772443,1303151168,58.47468569,2.2,2.2
3803463102,1302821479,61.60414659,-1.5,0
3803463102,9269014806,110.8841153,6.3,6.3
3803463102,9009445415,88.35222676,1.7,1.7
3803463104,9269014796,18.7918072,-1.4,0
3803463104,9269014806,24.38818041,0.2,0.2
3803463104,9269014805,19.50380142,1.3,1.3
3803463105,9269014796,6.207918844,0.3,0.3
3803463106,3803463107,108.0120404,2.1,2.1
3803463106,1302821812,23.17779217,-2.3,0
3803463106,1302821431,35.79248327,3.6,3.6
3803463107,1302821901,26.0157529,-2.6,0
3803463107,3803463106,108.0120404,-2.1,0
3803463107,13076848009,37.43144118,2.6,2.6
3803654338,7369033926,4.308425125,0,0
3803654338,3803654352,93.57768351,0.4,0.4
3803654338,7369033925,67.46697671,-0.2,0
3803654352,10736725900,15.75350666,0.1,0.1
3803654352,10751842707,3.4256,0.1,0.1
3803654352,3803654338,93.57768351,-0.4,0
3803655172,7369033892,107.0481743,-2,0
3803655172,1303246251,74.01053319,-1.2,0
3803655172,1303244900,175.9778446,-7.4,0
3878191510,2187246370,44.77783327,-1.4,0
3878191510,2187246441,102.3801445,4.5,4.5
3878191510,6394962487,46.00473933,1.1,1.1
3926735719,10732732933,53.30706258,1.9,1.9
3926735719,2268359408,12.52835031,-0.2,0
3926735719,3926735720,35.17851566,2,2
3926735720,3926735719,35.17851566,-2,0
3926735721,2136813803,48.50118545,-3.5,0
4014856766,2187246557,29.23260968,-0.2,0
4014856766,2187246515,16.2512182,0.1,0.1
4014856766,2187246519,69.98789132,-0.4,0
4019720125,4019720131,70.66487658,0.1,0.1
4019720125,3732569012,19.89500823,0,0
4019720125,6397663285,30.79448813,0,0
4019720131,7099852097,24.13182208,0.6,0.6
4019720131,4019720125,70.66487658,-0.1,0
4019720131,7099852096,31.1642971,1,1
4019720180,1471299551,37.25535664,0.4,0.4
4019720180,4019720181,58.81552115,-1.1,0
4019720181,9269015100,12.90340157,0.1,0.1
4019720181,4019720180,58.81552115,1.1,1.1
4019720181,6410720144,28.83754904,1.1,1.1
4019955910,7369034013,5.6085707,-0.1,0
4019955910,7369034019,106.5115865,1.4,1.4
4019955910,7366845050,203.8178088,2.1,2.1
4020938297,4020938298,29.00407326,0.8,0.8
4020938297,9269422105,5.892877087,-0.2,0
4020938297,2187247167,8.078672034,0.3,0.3
4020938298,4020938297,29.00407326,-0.8,0
4020938298,4020938300,8.688403792,0.2,0.2
4020938298,4020938299,7.190939174,0,0
4020938299,4020938298,7.190939174,0,0
4020938300,4020938298,8.688403792,-0.2,0
4020938301,2187247102,23.98545258,-2.1,0
4020938303,4020938304,22.86533741,0.2,0.2
4020938304,4020938303,22.86533741,-0.2,0
4020938304,2187247162,46.59208502,3.9,3.9
4020938304,2187247102,30.93401572,-3.1,0
4020938305,4020938306,21.73991086,-0.4,0
4020938306,4020938305,21.73991086,0.4,0.4
4020938306,2187246884,2.388276922,0.2,0.2
4020938306,1303150678,32.93870391,-2.3,0
4020938309,4020938310,29.73998624,1.3,1.3
4020938309,1303151563,163.7192202,3.7,3.7
4020938309,11954201550,30.024568,-1,0
4020938309,7768598949,38.5328999,3.6,3.6
4020938310,4020938309,29.73998624,-1.3,0
4020938312,4020938313,21.0936752,0,0
4020938312,4020938323,32.98836879,0,0
4020938312,6449408242,14.5653909,-0.2,0
4020938313,4020938315,38.84683131,0,0
4020938313,4020938312,21.0936752,0,0
4020938313,4020938321,35.51660288,0.1,0.1
4020938315,4020938318,40.19181369,0,0
4020938315,4020938313,38.84683131,0,0
4020938315,4020938319,36.48480906,-0.1,0
4020938318,7368660708,20.29865781,0.3,0.3
4020938318,2639302795,33.19350566,-0.2,0
4020938318,4020938315,40.19181369,0,0
4020938319,4020938321,36.01960596,0.2,0.2
4020938319,2639302795,40.56921292,-0.1,0
4020938319,4020938315,36.48480906,0.1,0.1
4020938321,2639302807,5.795491937,0,0
4020938321,4020938319,36.01960596,-0.2,0
4020938321,4020938313,35.51660288,-0.1,0
4020938321,6450201146,62.79670362,0,0
4020938322,2639302807,17.17430776,0,0
4020938322,4020938323,9.987291598,-0.1,0
4020938322,6450201146,31.23959645,0,0
4020938323,4020938322,9.987291598,0.1,0.1
4020938323,2639302807,15.91455366,0.1,0.1
4020938323,4020938312,32.98836879,0,0
4070586693,4070586694,10.54150166,-0.6,0
4070586694,908108566,36.15247419,5.4,5.4
4070586694,4070586693,10.54150166,0.6,0.6
4070586694,908108715,79.86068566,-9.3,0
4070880024,4070880025,9.235710715,-0.2,0
4070880024,7369034014,6.910435333,-0.1,0
4070880024,7369034021,62.26863046,3.7,3.7
4070880025,4070880024,9.235710715,0.2,0.2
4070880025,7369034019,5.354158616,-0.1,0
4070880025,7369034013,106.2785361,-1.6,0
4070880041,7369034025,5.691867951,0.1,0.1
4070880041,7369034023,115.773353,3,3
4070880041,7369034027,7.984994811,0,0
4070880043,7369034025,5.87580784,0,0
4070880043,7369034024,115.1311699,2.9,2.9
4070880043,7369034033,8.489867079,-0.1,0
4070880045,4070941425,2.932648696,0.1,0.1
4070880045,7369033998,6.290320556,0.1,0.1
4070880045,4070880047,202.7088518,-2.5,0
4070880047,4070880048,6.584015747,0.1,0.1
4070880047,7369034017,7.29434052,0.2,0.2
4070880047,4070880045,202.7088518,2.5,2.5
4070880048,4070880047,6.584015747,-0.1,0
4070880048,7369034020,6.764926339,0,0
4070880048,10738679204,128.7679253,-0.9,0
4070880057,1767739953,49.65522766,-3.2,0
4070880057,2636411765,45.94095145,3,3
4070880057,1303244183,34.28708537,0.2,0.2
4070880062,10738679204,19.93931785,-0.2,0
4070880062,10738681907,15.15097595,2.7,2.7
4070880062,7366845059,170.0098518,1.8,1.8
4070941003,4070941004,9.526602929,0,0
4070941003,7369034014,6.893582383,0,0
4070941003,7369034022,41.64751573,2.7,2.7
4070941004,4699680469,23.80655474,0.1,0.1
4070941004,4070941003,9.526602929,0,0
4070941004,7369034015,4.971086867,0,0
4070941012,7369033924,4.840282014,0.1,0.1
4070941012,10751780973,3.079726442,-0.1,0
4070941012,3730509321,129.1130896,1.7,1.7
4070941028,7369033919,5.116112079,0,0
4070941028,10751780972,2.515301843,0,0
4070941028,4070941032,91.84491901,-0.8,0
4070941032,10736725925,20.84954906,-0.2,0
4070941032,4070941028,91.84491901,0.8,0.8
4070941032,4070941289,37.80896307,2.5,2.5
4070941289,10736725922,10.79408565,2.9,2.9
4070941289,1303152201,38.85211793,2.4,2.4
4070941289,4070941032,37.80896307,-2.5,0
4070941289,10736725925,18.33610259,-2.7,0
4070941292,10736725916,2.966776223,0.1,0.1
4070941292,7369033922,99.32348239,0.9,0.9
4070941292,10736725806,298.4173791,-2,0
4070941295,10736725915,24.41458495,0,0
4070941295,3731572079,12.3421061,0.3,0.3
4070941295,1303244402,31.31737129,0.4,0.4
4070941298,6394962485,94.03997603,-1,0
4070941298,10738679163,29.37142302,-1.5,0
4070941298,6394962487,21.36592187,0.7,0.7
4070941298,10751780971,228.5849949,-5.1,0
4070941319,3731572079,34.00141679,-0.9,0
4070941319,10803910262,92.21854752,1.8,1.8
4070941319,7369033893,26.73793739,1,1
4070941321,10803910262,18.96805634,-0.6,0
4070941321,1303246251,25.79227738,0.6,0.6
4070941321,10736725999,15.17407054,0.7,0.7
4070941324,4070941325,2.815202015,0.1,0.1
4070941324,7369034000,3.492697159,0,0
4070941324,7369034003,31.85860028,0.7,0.7
4070941325,4070941324,2.815202015,-0.1,0
4070941325,7369033994,5.464057765,0.1,0.1
4070941325,7369033991,145.0627755,1.7,1.7
4070941346,4070941347,7.266787109,0,0
4070941346,10721114737,5.283439698,0.1,0.1
4070941346,2566516697,79.28966026,-0.1,0
4070941347,12560683507,143.0002188,1.3,1.3
4070941347,4070941346,7.266787109,0,0
4070941347,10721114738,5.924964798,-0.1,0
4070941348,4070941405,22.07559914,0.6,0.6
4070941348,4070941402,34.72998654,0.7,0.7
4070941348,12560683507,4.853261268,0,0
4070941358,5228128355,37.10790964,4.2,4.2
4070941358,5228128351,3.212894696,0,0
4070941358,7369033996,108.4704116,-1.5,0
4070941367,2162438533,56.44692213,0.4,0.4
4070941367,5228128346,167.5439043,-0.6,0
4070941367,7099852057,13.05578784,-0.9,0
4070941376,4070941377,7.884045256,-0.2,0
4070941376,10721114736,4.797405769,0.1,0.1
4070941376,2162438533,174.71217,-0.7,0
4070941377,4070941376,7.884045256,0.2,0.2
4070941377,10721114735,4.873932283,0.1,0.1
4070941377,10721114732,85.3472941,1,1
4070941382,10721114733,94.42377446,-2.1,0
4070941383,2639302703,29.32928612,-0.6,0
4070941383,2639302714,7.024305384,1.1,1.1
4070941383,10721102909,43.21271643,-0.8,0
4070941388,10721114728,3.714991147,0,0
4070941388,10721114731,7.08986598,0.2,0.2
4070941388,10721102909,53.49055148,0.6,0.6
4070941395,4070941396,23.93997746,0.9,0.9
4070941395,10721102942,3.816197441,0,0
4070941395,10721102962,6.975106742,0.1,0.1
4070941396,1728170028,72.11353829,1,1
4070941396,1728170005,3.43260434,0,0
4070941396,4070941395,23.93997746,-0.9,0
4070941397,1728170104,4.391139819,0,0
4070941397,2245132776,8.098460693,0.1,0.1
4070941397,4070941402,49.48143341,-0.9,0
4070941401,4070941405,136.3578816,-0.9,0
4070941402,4070941348,34.72998654,-0.7,0
4070941402,4070941397,49.48143341,0.9,0.9
4070941402,4070941403,14.96552328,2.9,2.9
4070941403,4070941402,14.96552328,-2.9,0
4070941403,2245132776,51.93975726,-1.9,0
4070941403,4070941405,39.78772314,-3,0
4070941403,1303246213,78.26407301,0.1,0.1
4070941405,4070941348,22.07559914,-0.6,0
4070941405,4070941401,136.3578816,0.9,0.9
4070941405,4070941403,39.78772314,3,3
4070941412,2162438531,55.46017727,-0.9,0
4070941412,1303246463,3.602084939,0.1,0.1
4070941412,4070941418,59.40671224,-2.6,0
4070941412,7368660681,60.36771648,2.5,2.5
4070941418,7369034002,4.023439817,0,0
4070941418,4070941420,68.36138789,0.6,0.6
4070941418,4070941412,59.40671224,2.6,2.6
4070941420,2574372159,3.554780343,-0.1,0
4070941420,2162438531,24.44199366,1.1,1.1
4070941420,4070941422,31.8612055,0.4,0.4
4070941420,4070941418,68.36138789,-0.6,0
4070941422,1303244623,5.699153379,-0.1,0
4070941422,1767727211,2.523835807,0,0
4070941422,4070941420,31.8612055,-0.4,0
4070941425,4070880045,2.932648696,-0.1,0
4070941425,7369034000,4.133150154,0,0
4070941425,7369034012,31.13142884,0.7,0.7
4070941428,4070941429,2.548716853,0,0
4070941428,7369033995,5.070528092,0.1,0.1
4070941428,7369034001,31.64351577,0.2,0.2
4070941429,4070941428,2.548716853,0,0
4070941429,7369033999,4.038303627,0,0
4070941429,4070941437,202.3418949,-2.3,0
4070941437,4070941438,6.210070597,0,0
4070941437,7369034018,6.544403621,-0.1,0
4070941437,4070941429,202.3418949,2.3,2.3
4070941438,4070941437,6.210070597,0,0
4070941438,7369034016,6.191498687,0.1,0.1
4070941438,3730545061,171.9992561,-1.2,0
4070941447,4070941448,3.280540137,0,0
4070941447,7369033923,5.481025675,0.1,0.1
4070941447,3730545063,87.15443648,1.2,1.2
4070941448,4070941447,3.280540137,0,0
4070941448,7369033918,2.910143948,-0.1,0
4070941448,7369033928,25.33451898,0.2,0.2
4070941471,4070941472,5.343579494,0.2,0.2
4070941471,7366845048,3.480362598,0.1,0.1
4070941471,7369027661,20.5709986,-0.1,0
4070941472,4070941471,5.343579494,-0.2,0
4070941472,7366845055,4.855660448,-0.1,0
4070941472,4070941477,257.5397428,4.5,4.5
4070941477,7366852036,8.076425581,0.1,0.1
4070941477,7366852028,3.699649699,0,0
4070941477,4070941472,257.5397428,-4.5,0
4070948069,7366852002,3.389153943,0,0
4070948069,7366852005,55.70107852,-3.8,0
4070948069,7366852003,6.810606414,0.3,0.3
4070948076,2187247066,57.70149026,4.1,4.1
4070948082,7366852208,3.919624524,0.1,0.1
4070948082,7366852207,4.229264798,-0.1,0
4070948082,7366844986,172.697049,14,14
4070953790,7366852214,27.66516905,-0.6,0
4070953790,7366852212,6.341012609,-0.1,0
4070953790,7366852175,95.36068333,2.1,2.1
4070953795,4070953796,6.448688599,-0.3,0
4070953795,7366852213,5.279789471,0,0
4070953795,7366852209,100.3670164,2.4,2.4
4070953796,4070953795,6.448688599,0.3,0.3
4070953796,7366852211,5.560167128,-0.1,0
4070953796,4070953799,209.8222341,7.2,7.2
4070953799,4070953800,5.967166434,0,0
4070953799,7366852169,5.210852164,-0.1,0
4070953799,4070953796,209.8222341,-7.2,0
4070953800,4070953799,5.967166434,0,0
4070953800,7366852170,6.561407796,0.1,0.1
4070953800,4070953801,29.96472518,0.1,0.1
4070953801,1303243654,8.036444579,0.1,0.1
4070953801,7368660647,307.8425445,1.8,1.8
4070953801,4070953800,29.96472518,-0.1,0
4070953801,10735004290,35.63277373,0.4,0.4
4070953802,4070953803,88.30914606,-2.1,0
4070953802,7366852168,4.026482938,0,0
4070953802,7366852167,7.814775493,-0.1,0
4070953803,4070953802,88.30914606,2.1,2.1
4070953803,6447149373,44.63300324,-2.6,0
4070953803,6447149348,70.51576228,-0.4,0
4070953805,4070953806,7.371406265,-0.1,0
4070953805,7366852210,3.546069075,0.1,0.1
4070953805,6447149373,76.82945011,2.5,2.5
4070953805,6475841840,50.76572982,-1.2,0
4070953806,4070953805,7.371406265,0.1,0.1
4070953806,7366852216,4.436642792,-0.1,0
4070953806,6475841838,93.42918141,-3.3,0
4070953845,4070953846,3.045709809,-0.1,0
4070953845,7366852207,5.478689161,0,0
4070953845,7366852178,23.34238568,0.3,0.3
4070953846,4070953845,3.045709809,0.1,0.1
4070953846,7366852206,5.512741044,-0.2,0
4070953846,7366852030,196.9529874,-5.1,0
4070953856,1303151801,3.93692874,0.1,0.1
4070953856,2187246866,97.61622385,7.9,7.9
4070953856,7366852038,70.09833787,4.8,4.8
4070953856,7366852030,29.70477744,-0.5,0
4070996673,4070996674,19.35597829,1.4,1.4
4070996673,7366584693,4.820400031,0.1,0.1
4070996674,4070996673,19.35597829,-1.4,0
4070996674,7366584694,4.93825614,0.1,0.1
4070996674,7366584689,52.10124358,3.5,3.5
4070996679,4070996680,5.895915311,-0.6,0
4070996679,7366584695,4.881976624,0,0
4070996679,7366584698,64.59774,4.3,4.3
4070996680,4070996679,5.895915311,0.6,0.6
4070996680,2637060815,6.139566337,-0.2,0
4070996680,7366584599,62.01812007,-0.3,0
4070996685,7924959748,7.355691728,-0.1,0
4070996685,7366584691,4.585958372,0.1,0.1
4070996685,908108799,66.47783934,6.9,6.9
4497868618,4497868620,17.84665943,0.6,0.6
4497868618,5128328273,28.04410613,0.9,0.9
4497868618,5228128319,52.96971568,-10.2,0
4497868620,5228128336,10.58931368,-1.6,0
4497868620,5128328273,170.8112286,0.3,0.3
4497868620,4497868618,17.84665943,-0.6,0
4699680469,4070941004,23.80655474,-0.1,0
4699680469,3730509321,121.1431431,-1.2,0
4699680469,1303152517,39.20498504,4.1,4.1
5128327639,5128327644,61.41148751,-3.1,0
5128327639,5228128313,17.92345683,0.7,0.7
5128327639,5228128309,27.02169731,-8.1,0
5128327644,5228128349,37.41415872,-2.8,0
5128327644,5128327639,61.41148751,3.1,3.1
5128327644,5228128309,77.29150907,-5,0
5128328258,5228128324,25.01532789,0.1,0.1
5128328258,7099852005,16.08809226,0,0
5128328258,5128328267,145.6028131,21.5,21.5
5128328267,5128328268,13.18434886,1,1
5128328267,5128328258,145.6028131,-21.5,0
5128328267,5228128328,35.55724497,0.8,0.8
5128328268,5128328269,11.21948564,0.2,0.2
5128328268,5128328267,13.18434886,-1,0
5128328268,5228128337,14.9181805,0.1,0.1
5128328269,5128328268,11.21948564,-0.2,0
5128328269,5128328271,15.9823133,0.6,0.6
5128328269,5228128313,11.04657515,-0.2,0
5128328271,5228128337,18.83756273,-0.7,0
5128328271,5128328273,9.332181406,-0.1,0
5128328271,5128328269,15.9823133,-0.6,0
5128328273,4497868618,28.04410613,-0.9,0
5128328273,4497868620,170.8112286,-0.3,0
5128328273,5128328271,9.332181406,0.1,0.1
5128328273,5228128313,19.45497554,-0.7,0
5228128309,5128327644,77.29150907,5,5
5228128309,1767739968,93.71038737,-11.9,0
5228128309,5128327639,27.02169731,8.1,8.1
5228128313,5128327639,17.92345683,-0.7,0
5228128313,5128328269,11.04657515,0.2,0.2
5228128313,5128328273,19.45497554,0.7,0.7
5228128319,5228128324,73.51851516,-12,0
5228128319,4497868618,52.96971568,10.2,10.2
5228128319,5228128336,62.68060115,9.2,9.2
5228128319,5228128328,45.68175428,10.2,10.2
5228128324,7099852004,7.496294482,0.1,0.1
5228128324,5128328258,25.01532789,-0.1,0
5228128324,5228128319,73.51851516,12,12
5228128328,5228128337,14.711841,0.3,0.3
5228128328,5228128319,45.68175428,-10.2,0
5228128328,5128328267,35.55724497,-0.8,0
5228128336,4497868620,10.58931368,1.6,1.6
5228128336,5228128344,28.75604941,-1.8,0
5228128336,5228128319,62.68060115,-9.2,0
5228128337,5128328271,18.83756273,0.7,0.7
5228128337,5228128328,14.711841,-0.3,0
5228128337,5128328268,14.9181805,-0.1,0
5228128339,1303245942,21.78657685,-0.4,0
5228128339,5228128344,99.65347193,18.8,18.8
5228128339,1303243680,17.56478921,-0.5,0
5228128344,5228128336,28.75604941,1.8,1.8
5228128344,5228128339,99.65347193,-18.8,0
5228128344,5228128346,24.25938085,-9.5,0
5228128346,5228128344,24.25938085,9.5,9.5
5228128346,4070941367,167.5439043,0.6,0.6
5228128346,5228128351,67.63449842,-0.5,0
5228128349,5228128355,29.66364818,-2.2,0
5228128349,5128327644,37.41415872,2.8,2.8
5228128349,5228128350,28.70893343,-1.3,0
5228128350,5228128355,22.11372397,-0.9,0
5228128350,5228128349,28.70893343,1.3,1.3
5228128350,1767725819,20.38238567,0.3,0.3
5228128351,4070941358,3.212894696,0,0
5228128351,1767725819,20.81853821,5.4,5.4
5228128351,5228128346,67.63449842,0.5,0.5
5228128355,5228128350,22.11372397,0.9,0.9
5228128355,4070941358,37.10790964,-4.2,0
5228128355,7369033997,134.9635589,-5.8,0
5228128355,5228128349,29.66364818,2.2,2.2
5240301095,5240301941,27.64740078,0.2,0.2
5240301095,6447935512,77.60249441,2,2
5240301095,2592759156,63.48602863,0.2,0.2
5240301113,8808818565,39.82278191,-0.4,0
5240301113,6447785890,70.47346401,-0.3,0
5240301113,6447935512,62.60804719,-4.2,0
5240301941,6447785657,6.619496071,0,0
5240301941,5240301095,27.64740078,-0.2,0
5240301941,8808818570,19.37590739,1,1
5240301944,8808818565,21.51086625,0,0
5240301944,8796856947,70.25216818,0.7,0.7
5240301944,6447785657,33.03592364,-5.6,0
5240301945,6437962853,28.82458881,-0.4,0
5240301945,2591757151,100.9660389,1.2,1.2
5240301945,5240301947,18.3295478,-4.4,0
5240301947,5240301945,18.3295478,4.4,4.4
5240301947,8828729109,40.32567704,2.8,2.8
5240301947,8808818570,17.73636759,-1.2,0
5240301947,8808818567,5.352219053,0,0
5240301957,8828729105,2.079591689,0,0
5240301957,5240301958,33.77307467,1.2,1.2
5240301957,8796856949,2.262805979,0,0
5240301958,5240301957,33.77307467,-1.2,0
5240301958,6452330441,73.36166479,0.5,0.5
5240301958,2591757151,17.84508611,-0.1,0
5240301962,7101986067,10.02960555,-1.9,0
5240301962,8796856947,13.10504872,-0.2,0
5240301962,6447785890,65.31084056,-0.8,0
5240301962,8796856949,9.737283046,0.2,0.2
5241082711,2136813369,28.60332756,-2.5,0
5241082711,2136813367,56.20107248,-1.5,0
5241082711,8796848798,26.56416743,4.2,4.2
5406585777,6447785891,17.09707941,-1,0
5406585777,5406585793,17.50099312,-2,0
5406585777,5406585789,78.57046463,5.5,5.5
5406585778,6452330476,6.593147876,1.6,1.6
5406585778,5406585781,96.15270294,-2.2,0
5406585778,2136813798,31.97460928,-3.3,0
5406585781,5406585778,96.15270294,2.2,2.2
5406585781,5406585785,114.3548985,11.4,11.4
5406585781,5406585782,55.47794399,-4.5,0
5406585782,1484203486,9.179104367,0,0
5406585782,2139656838,22.98270809,0.1,0.1
5406585782,5406585781,55.47794399,4.5,4.5
5406585785,5406585781,114.3548985,-11.4,0
5406585785,5406585793,102.7180616,5.6,5.6
5406585785,5406585787,50.36052983,7.3,7.3
5406585787,6452330432,100.5825333,12.3,12.3
5406585787,5406585789,47.41277653,5.8,5.8
5406585787,5406585785,50.36052983,-7.3,0
5406585789,6452330441,26.44966661,0.4,0.4
5406585789,5406585777,78.57046463,-5.5,0
5406585789,5406585787,47.41277653,-5.8,0
5406585793,6447785891,14.00752554,1,1
5406585793,5406585777,17.50099312,2,2
5406585793,5406585785,102.7180616,-5.6,0
5406585795,6447785886,35.88113277,1.8,1.8
5406585795,6447785890,12.06237255,0,0
5406585795,6447785885,12.17868343,-0.1,0
5406585797,6447785886,52.44483671,-3.5,0
5406585804,7099851941,4.685861094,-0.1,0
5406585804,2561641488,45.42217894,2.7,2.7
5406585804,7099852048,121.3070077,10.3,10.3
5406585811,1303245838,12.7806111,0.4,0.4
5406585811,7099851929,50.06092913,-0.2,0
5406585811,7099851928,53.87349708,-2.2,0
5406585818,7099852039,22.43033812,0.6,0.6
5406585818,7099851928,73.38211451,1.7,1.7
5406585818,7099851918,50.02528264,-0.6,0
5466265990,739474124,9.00806971,0.1,0.1
5466265990,1695820882,44.23201078,1,1
5466265990,10721114694,10.893061,-0.6,0
5466265990,9983573509,8.718791292,0.4,0.4
5587339789,6452250088,83.82739904,-2.2,0
5587339789,3084725044,114.4445712,0.6,0.6
5587339789,6452247820,55.01338352,2,2
5587339790,1303244398,22.45267709,-1.4,0
5587339790,1484203354,8.033881854,0.5,0.5
5587339790,6452250088,4.487353491,0.1,0.1
6027198639,1303245004,9.952747074,-0.2,0
6394408457,2267877235,18.28726373,-0.1,0
6394408457,1484203389,108.2795465,0.4,0.4
6394408457,6394408458,44.13598342,1.3,1.3
6394408458,6394408457,44.13598342,-1.3,0
6394961579,2187246561,5.049499774,0,0
6394961579,10736725828,48.11014214,-2.5,0
6394962485,4070941298,94.03997603,1,1
6394962485,3731572076,12.44934169,-0.1,0
6394962485,1303244135,30.21769203,0,0
6394962487,4070941298,21.36592187,-0.7,0
6394962487,3878191510,46.00473933,-1.1,0
6394962487,10736137350,65.68657669,2.3,2.3
6394962503,7366845054,94.66292763,-2.4,0
6394962503,2187246549,91.80943779,0.9,0.9
6394962503,1303152765,53.1559357,9.7,9.7
6397662166,739474132,58.34646432,1.5,1.5
6397662166,1814571403,69.69751058,-1.3,0
6397663285,3732569012,32.05236559,0,0
6397663285,4019720125,30.79448813,0,0
6405281334,6405281335,64.62626487,-4.4,0
6405281335,2261866811,4.176015313,0,0
6405281335,2261866802,26.66015514,-1.6,0
6405281335,6405281334,64.62626487,4.4,4.4
6405281336,6405281339,99.81082432,-1.9,0
6405281339,2261866837,107.7514073,-2.5,0
6405281339,2261866894,394.3036564,2.6,2.6
6405281339,6405281336,99.81082432,1.9,1.9
6405281341,461630402,46.50862013,-2.4,0
6405281341,461630402,150.818739,-2.4,0
6407306856,2261866961,111.756164,1.2,1.2
6407306857,2261866891,83.76676135,-1.5,0
6407306885,461629500,136.0375527,3.8,3.8
6407306885,461630402,178.8090464,6.3,6.3
6407480791,6407480804,45.52518246,6.5,6.5
6407480800,2267231906,8.476775697,0.4,0.4
6407480800,2267294339,57.23751817,-6.4,0
6407480800,6407480804,60.73014086,1.9,1.9
6407480804,6407480791,45.52518246,-6.5,0
6407480804,6407480800,60.73014086,-1.9,0
6407480804,6407480809,47.00645071,1.2,1.2
6407480809,6407480804,47.00645071,-1.2,0
6407480811,1303245928,2.791169541,0,0
6407480811,2267231889,174.6246523,1.1,1.1
6407480811,6407480816,116.8195112,14.7,14.7
6407480816,2267294271,34.62489395,-0.8,0
6407480816,2267231841,82.59690261,0,0
6407480816,6407480811,116.8195112,-14.7,0
6410720144,1302821170,1.994280599,0.1,0.1
6410720144,4019720181,28.83754904,-1.1,0
6437962852,1484203701,64.87021276,0.6,0.6
6437962852,6447147575,6.952989052,0.1,0.1
6437962852,2591757151,111.9728507,-0.8,0
6437962853,5240301945,28.82458881,0.4,0.4
6437962853,461630321,69.65555568,-0.7,0
6437962853,6447147574,7.175967799,0.2,0.2
6437962859,6438635360,21.30369261,-0.7,0
6437962861,6447149321,6.682148609,-0.7,0
6437962863,6447147569,6.584268433,0.4,0.4
6437962863,2587513279,148.7368596,0,0
6437962863,2587513215,67.10304102,-1.8,0
6437962865,6447147525,35.75285845,2.7,2.7
6437962865,6447147569,10.26003511,-0.6,0
6437962865,6437962868,86.85577275,7.7,7.7
6437962868,6447147525,9.689757784,-5,0
6437962868,6437962870,86.41024728,6.8,6.8
6437962868,6437962865,86.85577275,-7.7,0
6437962870,6437962868,86.41024728,-6.8,0
6437962872,6447147554,36.25737691,0,0
6437962872,6447147573,37.89758778,-1.1,0
6437962872,6447147548,8.350330784,0,0
6437962876,2587513203,56.06703795,-2.6,0
6437962876,6447149321,12.17261858,0,0
6437962876,6447147539,19.50976667,0.6,0.6
6437962884,8571776917,6.333268809,0,0
6437962884,6437963388,17.88152934,-0.2,0
6437962884,6447147566,76.14939212,-6.1,0
6437963385,6447147526,2.401458296,-0.1,0
6437963385,6437963388,9.712485113,0.8,0.8
6437963385,6447149320,16.36816628,1.1,1.1
6437963387,2587513212,41.52313504,-1.2,0
6437963387,6447147566,21.37387986,0.7,0.7
6437963387,6437963395,56.50860034,3.1,3.1
6437963388,6437963385,9.712485113,-0.8,0
6437963388,6437962884,17.88152934,0.2,0.2
6437963388,6437963389,61.52380946,0.4,0.4
6437963389,6447147541,33.96974539,-3.1,0
6437963389,6437963388,61.52380946,-0.4,0
6437963389,6447147521,24.96442862,0.7,0.7
6437963389,6447147517,66.89198886,-4.8,0
6437963389,8571718052,41.16254719,-0.3,0
6437963395,6447147526,31.6496227,2.6,2.6
6437963395,6447147539,27.77719633,-1.4,0
6437963395,6437963387,56.50860034,-3.1,0
6437963396,461629311,34.07501367,-0.7,0
6437963396,1484203848,26.29873978,0.8,0.8
6437963396,2139661796,28.19944761,-0.3,0
6437963396,1303245847,33.20131259,1.4,1.4
6437963398,6447785904,7.136503602,0.3,0.3
6437963398,6437963399,10.84885687,-0.3,0
6437963398,7406081422,122.4490496,7.9,7.9
6437963399,6437963398,10.84885687,0.3,0.3
6437963399,461629319,35.56867699,3.2,3.2
6437963400,6452310969,37.84657761,0.4,0.4
6437963400,6438955492,74.63173478,-3.5,0
6437963400,6447785904,28.34958873,-1.1,0
6437963403,6447149376,46.23130116,-0.3,0
6437963403,6437963404,14.97985896,-0.2,0
6437963403,6447149348,29.89931605,0.3,0.3
6437963404,7366852174,33.51658451,-0.5,0
6437963404,6437963403,14.97985896,0.2,0.2
6437963404,6447149379,57.51936301,-1.8,0
6438635360,6437962859,21.30369261,0.7,0.7
6438635360,6447147543,10.0903622,0.6,0.6
6438635360,6447147575,29.7548257,-1.8,0
6438635360,6447149331,54.55015805,-0.3,0
6438955492,6447785903,7.17709107,0,0
6438955492,6437963400,74.63173478,3.5,3.5
6447147517,2626055004,33.99354664,-0.3,0
6447147517,6447147554,10.4915291,0,0
6447147517,6437963389,66.89198886,4.8,4.8
6447147521,6437963389,24.96442862,-0.7,0
6447147522,8571776917,16.83571668,-1.2,0
6447147525,6437962865,35.75285845,-2.7,0
6447147525,8571776917,29.93452346,2.6,2.6
6447147525,6437962868,9.689757784,5,5
6447147526,6437963395,31.6496227,-2.6,0
6447147526,6437963385,2.401458296,0.1,0.1
6447147526,8571718070,37.31526125,1,1
6447147539,6437963395,27.77719633,1.4,1.4
6447147539,8571718070,14.61436213,5,5
6447147539,6437962876,19.50976667,-0.6,0
6447147541,6447147543,11.30018538,-1,0
6447147541,6447147557,34.17372089,0.2,0.2
6447147541,6437963389,33.96974539,3.1,3.1
6447147543,6438635360,10.0903622,-0.6,0
6447147543,6447147556,37.071341,0.1,0.1
6447147543,6447147541,11.30018538,1,1
6447147548,6447147556,16.10423163,0.8,0.8
6447147548,6437962872,8.350330784,0,0
6447147548,6447147554,40.74481129,0,0
6447147548,6452310350,41.19252241,-1.1,0
6447147554,6447147517,10.4915291,0,0
6447147554,6437962872,36.25737691,0,0
6447147554,6447147548,40.74481129,0,0
6447147555,6447147557,4.675876775,-0.2,0
6447147556,6447147543,37.071341,-0.1,0
6447147556,6447147548,16.10423163,-0.8,0
6447147556,6447147557,9.374781617,1.1,1.1
6447147557,6447147555,4.675876775,0.2,0.2
6447147557,6447147541,34.17372089,-0.2,0
6447147557,6447147556,9.374781617,-1.1,0
6447147566,6447147569,3.073466371,0.2,0.2
6447147566,6437963387,21.37387986,-0.7,0
6447147566,6437962884,76.14939212,6.1,6.1
6447147569,6447147566,3.073466371,-0.2,0
6447147569,3034938068,58.79559149,1.3,1.3
6447147569,6437962863,6.584268433,-0.4,0
6447147569,6437962865,10.26003511,0.6,0.6
6447147573,6437962872,37.89758778,1.1,1.1
6447147573,7368658473,3.495320176,-0.1,0
6447147573,6452310350,10.39442962,0,0
6447147574,6437962853,7.175967799,-0.2,0
6447147574,6447149326,78.55791225,1.1,1.1
6447147574,6447149321,32.90377887,2.9,2.9
6447147574,2587513203,96.44855401,0.3,0.3
6447147575,6437962852,6.952989052,-0.1,0
6447147575,6452310350,54.70157754,0.6,0.6
6447147575,6438635360,29.7548257,1.8,1.8
6447147575,6447149327,66.52167177,-0.3,0
6447149320,6437963385,16.36816628,-1.1,0
6447149321,6447149322,65.68821604,0.3,0.3
6447149321,6447147574,32.90377887,-2.9,0
6447149321,6437962861,6.682148609,0.7,0.7
6447149321,6437962876,12.17261858,0,0
6447149322,6447149321,65.68821604,-0.3,0
6447149322,6447149331,50.68790559,0.6,0.6
6447149322,6447149326,36.2536692,-2.1,0
6447149322,8571718115,24.68499675,5.3,5.3
6447149326,6447147574,78.55791225,-1.1,0
6447149326,6447149327,84.58841524,0.9,0.9
6447149326,6447149322,36.2536692,2.1,2.1
6447149327,6447147575,66.52167177,0.3,0.3
6447149327,6447149326,84.58841524,-0.9,0
6447149327,6447149331,35.13248884,1.8,1.8
6447149331,6447149322,50.68790559,-0.6,0
6447149331,6438635360,54.55015805,0.3,0.3
6447149331,8571718115,24.28648567,4.7,4.7
6447149331,6447149327,35.13248884,-1.8,0
6447149347,6447149373,4.673055697,0.2,0.2
6447149347,7366852210,76.77217857,-2.2,0
6447149347,7366852168,133.3625554,4.9,4.9
6447149348,6437963403,29.89931605,-0.3,0
6447149348,6447149353,4.4629669,0.2,0.2
6447149348,4070953803,70.51576228,0.4,0.4
6447149349,6447149353,36.49966278,-1.4,0
6447149349,7406081424,33.5562608,2.3,2.3
6447149349,6447149358,37.10406528,0.1,0.1
6447149349,6447149364,19.61123318,1,1
6447149351,1303243391,22.40803157,-0.8,0
6447149351,1303246117,2.451679533,0.1,0.1
6447149351,6447149352,17.50138228,-0.7,0
6447149351,6452310958,43.18757365,-1.8,0
6447149352,2267231814,46.75388929,-0.2,0
6447149352,1303243391,14.63161045,-0.1,0
6447149352,6447149351,17.50138228,0.7,0.7
6447149352,7406081422,4.525899643,-0.1,0
6447149353,6447149348,4.4629669,-0.2,0
6447149353,6447149349,36.49966278,1.4,1.4
6447149353,6447149365,33.0332233,1.4,1.4
6447149358,6447149349,37.10406528,-0.1,0
6447149358,6447149370,13.7510833,-0.3,0
6447149358,6447149360,34.75916727,0.4,0.4
6447149360,6447149358,34.75916727,-0.4,0
6447149361,6447149363,14.66731487,-0.5,0
6447149361,6447149362,31.1351384,0.1,0.1
6447149361,6447149362,60.51415982,0.1,0.1
6447149362,6447149364,15.91903356,-0.5,0
6447149362,6447149361,31.1351384,-0.1,0
6447149362,6447149361,60.51415982,-0.1,0
6447149363,6447149361,14.66731487,0.5,0.5
6447149363,6447149365,16.99234511,-0.9,0
6447149363,6447149364,31.60816792,0.1,0.1
6447149364,6447149362,15.91903356,0.5,0.5
6447149364,6447149363,31.60816792,-0.1,0
6447149364,6447149349,19.61123318,-1,0
6447149365,6447149363,16.99234511,0.9,0.9
6447149365,6447149366,16.54792654,-0.4,0
6447149365,6447149353,33.0332233,-1.4,0
6447149366,6447149365,16.54792654,0.4,0.4
6447149367,6447149370,16.49069119,0.5,0.5
6447149367,6447149372,15.26118749,0,0
6447149367,6447149371,23.97118288,0,0
6447149368,6447149370,21.5322492,0,0
6447149369,6447149370,34.0437427,-0.3,0
6447149370,6447149367,16.49069119,-0.5,0
6447149370,6447149358,13.7510833,0.3,0.3
6447149370,6447149369,34.0437427,0.3,0.3
6447149370,6447149368,21.5322492,0,0
6447149371,6447149367,23.97118288,0,0
6447149372,6447149367,15.26118749,0,0
6447149373,6447149347,4.673055697,-0.2,0
6447149373,7366852174,35.31463471,1.2,1.2
6447149373,4070953805,76.82945011,-2.5,0
6447149373,4070953803,44.63300324,2.6,2.6
6447149376,6437963403,46.23130116,0.3,0.3
6447149376,6447149392,17.78344922,-0.3,0
6447149376,6452310969,31.98769047,-1.5,0
6447149379,6447785928,9.428478243,0.1,0.1
6447149379,6447149381,53.71213609,0.2,0.2
6447149379,6447149385,64.53456322,0.3,0.3
6447149379,6437963404,57.51936301,1.8,1.8
6447149381,6447149379,53.71213609,-0.2,0
6447149383,6447149385,51.52401771,0.4,0.4
6447149385,6447149393,16.95224539,0.4,0.4
6447149385,6447149379,64.53456322,-0.3,0
6447149385,6447149383,51.52401771,-0.4,0
6447149386,6447149393,42.37334897,0.3,0.3
6447149388,6447149393,35.11635627,0,0
6447149389,6447149392,21.29006828,0.2,0.2
6447149391,6447149392,36.76278044,0,0
6447149392,6447149393,17.09919215,-0.7,0
6447149392,6447149376,17.78344922,0.3,0.3
6447149392,6447149391,36.76278044,0,0
6447149392,6447149389,21.29006828,-0.2,0
6447149393,6447149385,16.95224539,-0.4,0
6447149393,6447149392,17.09919215,0.7,0.7
6447149393,6447149388,35.11635627,0,0
6447149393,6447149386,42.37334897,-0.3,0
6447149394,6447149398,31.60121646,-0.1,0
6447149396,7366852174,11.97994151,0,0
6447149396,6447149399,26.89812236,0.4,0.4
6447149396,6447149401,30.45424708,0.5,0.5
6447149397,6447149398,26.89046743,0,0
6447149398,7366852174,15.77861899,0,0
6447149398,6447149397,26.89046743,0,0
6447149398,6447149394,31.60121646,0.1,0.1
6447149399,6447149396,26.89812236,-0.4,0
6447149401,6447149396,30.45424708,-0.5,0
6447785657,5240301941,6.619496071,0,0
6447785657,5240301944,33.03592364,5.6,5.6
6447785657,8808818571,18.39345693,1.6,1.6
6447785885,1303246444,3.363455706,-0.2,0
6447785885,1303245344,134.8758831,-3.4,0
6447785885,5406585795,12.17868343,0.1,0.1
6447785886,5406585795,35.88113277,-1.8,0
6447785886,5406585797,52.44483671,3.5,3.5
6447785886,6447785889,84.56424096,-5.9,0
6447785889,2268363060,11.09738824,-0.5,0
6447785889,2268363058,24.46308411,0.6,0.6
6447785889,6447785886,84.56424096,5.9,5.9
6447785890,5406585795,12.06237255,0,0
6447785890,8808818564,10.77557887,-1,0
6447785890,5240301962,65.31084056,0.8,0.8
6447785890,5240301113,70.47346401,0.3,0.3
6447785891,5406585793,14.00752554,-1,0
6447785891,5406585777,17.09707941,1,1
6447785891,2626054988,125.6068007,1.9,1.9
6447785903,6438955492,7.17709107,0,0
6447785904,6437963398,7.136503602,-0.3,0
6447785904,6437963400,28.34958873,1.1,1.1
6447785928,6447149379,9.428478243,-0.1,0
6447785928,6475841840,18.77685558,-3.7,0
6447785928,6475841844,19.13764575,-5,0
6447935512,6447935513,32.44823684,0.9,0.9
6447935512,1303245344,15.37279592,0.4,0.4
6447935512,5240301113,62.60804719,4.2,4.2
6447935512,5240301095,77.60249441,-2,0
6447935513,461630321,109.4427855,2.8,2.8
6447935513,6447935512,32.44823684,-0.9,0
6447935513,1303244310,55.66892077,-1.3,0
6449408236,10742881914,6.011827463,0.1,0.1
6449408236,10742881915,7.426793473,0.1,0.1
6449408236,7368658483,8.216352626,0,0
6449408242,10742881915,13.22743924,0,0
6449408242,10742881914,15.25942694,0,0
6449408242,4020938312,14.5653909,0.2,0.2
6449408251,10742881913,13.02771499,0.3,0.3
6449408251,7368660596,21.29736745,-4.7,0
6449408251,6450201146,23.45897542,0.4,0.4
6449408276,1303243746,26.87154763,-1.3,0
6449408276,7368660658,28.46992992,1.4,1.4
6449408276,6452310341,47.2959985,1.2,1.2
6449418989,2636411768,6.452628072,-0.1,0
6449418989,2587567960,27.34386408,0,0
6449418989,6449418991,6.585317125,0.1,0.1
6449418991,2636411770,5.30525316,-0.1,0
6449418991,6449418989,6.585317125,-0.1,0
6449418991,10742965997,53.02398196,1.3,1.3
6449418995,6449418996,5.11233345,-0.1,0
6449418995,2636411795,4.722938671,0,0
6449418995,10742965997,78.14809439,0.5,0.5
6449418996,6449418995,5.11233345,0.1,0.1
6449418996,7366852170,6.065896034,0.1,0.1
6449418996,2587567969,102.6086878,1.4,1.4
6450201146,4020938322,31.23959645,0,0
6450201146,4020938321,62.79670362,0,0
6450201146,6449408251,23.45897542,-0.4,0
6452126443,6452247877,10.86450301,0,0
6452126443,6452247877,44.75148992,0,0
6452126443,1303246493,43.14964076,7.2,7.2
6452126444,6452247877,12.99360496,0.3,0.3
6452126444,6452126445,5.633741975,0,0
6452126444,6452126471,6.404483377,-0.1,0
6452126445,6452247825,12.7638464,0,0
6452126445,6452126444,5.633741975,0,0
6452126445,6452247877,41.38603997,0.3,0.3
6452126453,6452247825,75.39650744,1,1
6452126453,2643543050,11.36131002,-0.1,0
6452126453,6452126455,20.46880628,-0.1,0
6452126455,6452126471,89.53941571,1,1
6452126455,6452126453,20.46880628,0.1,0.1
6452126455,2643543050,9.094165718,0,0
6452126471,6452126444,6.404483377,0.1,0.1
6452126471,6452126455,89.53941571,-1,0
6452126471,6452247854,60.29611947,0.2,0.2
6452247805,10723431993,94.34321221,-3.3,0
6452247805,10723431996,5.461872756,0.1,0.1
6452247805,10721114740,172.2327557,6.6,6.6
6452247820,6452250096,8.405202362,-0.6,0
6452247820,5587339789,55.01338352,-2,0
6452247820,6452247854,34.48202504,3.7,3.7
6452247824,6452247825,56.06305483,-0.3,0
6452247824,6452247835,38.032885,0,0
6452247824,6452247826,37.52755564,-6,0
6452247825,6452126453,75.39650744,-1,0
6452247825,6452126445,12.7638464,0,0
6452247825,6452247824,56.06305483,0.3,0.3
6452247826,6452247824,37.52755564,6,6
6452247829,6452247830,21.18932543,0.8,0.8
6452247830,6452247829,21.18932543,-0.8,0
6452247830,6452247835,39.0316145,0.9,0.9
6452247830,6452247831,18.99096662,-5.2,0
6452247831,6452247830,18.99096662,5.2,5.2
6452247835,6452247830,39.0316145,-0.9,0
6452247835,6452247824,38.032885,0,0
6452247835,6452247838,61.9038576,-4.9,0
6452247838,6452247835,61.9038576,4.9,4.9
6452247841,6452250096,23.19950758,0.7,0.7
6452247842,6452250095,23.54525376,-2.2,0
6452247842,1303243862,37.1569331,3.3,3.3
6452247842,6452247854,92.99170285,0.3,0.3
6452247854,6452247820,34.48202504,-3.7,0
6452247854,10723431996,225.2098097,-5.8,0
6452247854,6452126471,60.29611947,-0.2,0
6452247854,6452247842,92.99170285,-0.3,0
6452247877,6452126443,10.86450301,0,0
6452247877,6452126443,44.75148992,0,0
6452247877,6452126444,12.99360496,-0.3,0
6452247877,6452126445,41.38603997,-0.3,0
6452247878,9983573480,14.0552307,0.1,0.1
6452247878,1303246493,11.26001397,-0.1,0
6452247878,2268370381,127.051947,-3.8,0
6452247882,2268370381,6.274853158,0.1,0.1
6452247882,1303243862,13.23820235,-0.6,0
6452247882,1303244599,16.06310836,0.4,0.4
6452247883,6452250088,42.7480723,2.9,2.9
6452247883,6452247884,19.64706879,-1.7,0
6452247883,6452247884,32.11513458,-1.7,0
6452247884,6452247883,19.64706879,1.7,1.7
6452247884,6452247883,32.11513458,1.7,1.7
6452247884,9983566978,170.9790251,6.1,6.1
6452250088,6452247883,42.7480723,-2.9,0
6452250088,5587339790,4.487353491,-0.1,0
6452250088,5587339789,83.82739904,2.2,2.2
6452250088,6452250095,97.65142025,5.4,5.4
6452250094,9983573482,8.115491961,0,0
6452250094,1303245317,51.16533236,-0.5,0
6452250094,10730038646,57.20894502,-0.2,0
6452250094,1303246213,58.49579931,-2.3,0
6452250095,6452250096,68.84859598,-1.8,0
6452250095,6452247842,23.54525376,2.2,2.2
6452250095,6452250088,97.65142025,-5.4,0
6452250096,6452247841,23.19950758,-0.7,0
6452250096,6452247820,8.405202362,0.6,0.6
6452250096,6452250095,68.84859598,1.8,1.8
6452310341,6452310342,31.92438367,-1.3,0
6452310341,6449408276,47.2959985,-1.2,0
6452310341,7368660663,35.82124705,0,0
6452310342,7368660664,34.36021526,0.1,0.1
6452310342,6452310341,31.92438367,1.3,1.3
6452310342,1303246427,7.830885482,-1.9,0
6452310350,6447147573,10.39442962,0,0
6452310350,6447147575,54.70157754,-0.6,0
6452310350,6447147548,41.19252241,1.1,1.1
6452310359,6452310368,57.66047066,-7.4,0
6452310359,6452310955,48.20136695,-6.4,0
6452310359,6452310920,177.563809,11.4,11.4
6452310359,6452310920,67.53034041,11.4,11.4
6452310368,6452310369,13.46008861,0,0
6452310368,6452310359,57.66047066,7.4,7.4
6452310368,6452310902,33.89706891,-0.3,0
6452310369,2639302822,27.97411476,-0.3,0
6452310369,1484203849,76.41784849,0.4,0.4
6452310369,6452310368,13.46008861,0,0
6452310902,2639302822,10.728578,0,0
6452310902,7368658455,26.99983434,0.8,0.8
6452310902,6452310368,33.89706891,0.3,0.3
6452310920,6452310359,67.53034041,-11.4,0
6452310920,6452310359,177.563809,-11.4,0
6452310920,6452310967,38.95575366,-11.8,0
6452310936,1303246117,28.06345543,-0.5,0
6452310936,10742965994,131.3178452,-1.3,0
6452310936,6452310967,20.80345095,-0.2,0
6452310945,1303243391,28.56900861,1.3,1.3
6452310945,1303245847,71.4058448,-4.2,0
6452310945,6452310958,11.32541044,0.3,0.3
6452310955,1303245847,26.71532323,-0.7,0
6452310955,6452310359,48.20136695,6.4,6.4
6452310955,1484203849,36.19046809,-0.6,0
6452310955,6452310958,59.31046494,3.8,3.8
6452310958,6452310945,11.32541044,-0.3,0
6452310958,6452310967,52.13019419,2.2,2.2
6452310958,6452310955,59.31046494,-3.8,0
6452310958,6447149351,43.18757365,1.8,1.8
6452310967,6452310920,38.95575366,11.8,11.8
6452310967,1303246117,22.64148235,-0.3,0
6452310967,6452310958,52.13019419,-2.2,0
6452310967,6452310936,20.80345095,0.2,0.2
6452310968,6452310969,45.89613232,0.3,0.3
6452310969,6437963400,37.84657761,-0.4,0
6452310969,6452310968,45.89613232,-0.3,0
6452310969,6447149376,31.98769047,1.5,1.5
6452330415,2268363058,18.33929316,1.3,1.3
6452330415,2268363057,38.13405448,-1.7,0
6452330415,6452330481,72.20643659,-11.5,0
6452330432,5406585787,100.5825333,-12.3,0
6452330432,6452330441,155.7113615,-6.1,0
6452330432,2268363058,61.5494631,-12.3,0
6452330432,6452330476,118.6938614,-27.2,0
6452330441,5240301958,73.36166479,-0.5,0
6452330441,5406585789,26.44966661,-0.4,0
6452330441,6452330432,155.7113615,6.1,6.1
6452330476,5406585778,6.593147876,-1.6,0
6452330476,6452330481,87.37072771,2.1,2.1
6452330476,6452330432,118.6938614,27.2,27.2
6452330481,2136813801,6.438298298,-0.6,0
6452330481,6452330415,72.20643659,11.5,11.5
6452330481,6452330476,87.37072771,-2.1,0
6452362832,10310879492,22.29906715,0,0
6475841838,7366584689,4.938315285,-0.4,0
6475841838,4070953806,93.42918141,3.3,3.3
6475841838,6475841844,16.59994191,0.9,0.9
6475841840,6475841844,32.20026055,-1.3,0
6475841840,4070953805,50.76572982,1.2,1.2
6475841840,6447785928,18.77685558,3.7,3.7
6475841844,6475841840,32.20026055,1.3,1.3
6475841844,6475841838,16.59994191,-0.9,0
6475841844,6447785928,19.13764575,5,5
6534663632,1484203781,12.24917133,-3.3,0
6534663634,6534663635,15.29477494,-4.2,0
6534663635,6534663634,15.29477494,4.2,4.2
6534663635,1484203781,61.53054701,0.8,0.8
6534663640,6534663641,28.75958239,-1,0
6534663641,2639302817,83.67052653,-1.6,0
6534663641,6534663640,28.75958239,1,1
6534663641,1484203845,28.57254676,0.3,0.3
6957360458,1303245173,4.262581642,0.1,0.1
6957360458,1303246028,99.79098657,2.8,2.8
6957360458,2588145198,44.60226504,1.5,1.5
6957360458,10750698991,28.98716031,-0.2,0
6957360460,1767739967,83.10432614,3.5,3.5
6957360460,1303246234,4.236186315,0.1,0.1
6957360460,7369027664,49.53930179,-3.1,0
6957360461,1303246234,4.189766194,0.1,0.1
6957360461,1303245801,45.19962962,-1.7,0
6957360461,7369027666,120.0031502,-7.8,0
6957360461,6957360462,93.96369876,4.6,4.6
6957360462,1303243337,45.00538943,-3.2,0
6957360462,1303244447,3.617703503,0.1,0.1
6957360462,6957360461,93.96369876,-4.6,0
6957360462,10750698991,6.547280939,0,0
6957360463,1767473930,73.24646408,3,3
6957360463,1303246059,3.949833254,-0.1,0
6957360463,10750698996,110.4482209,3.3,3.3
6957360464,1303244394,4.484371357,0.1,0.1
6957360464,1767473930,41.42492693,-0.4,0
6957360464,10750698996,4.424593213,-0.1,0
6957360464,10738681913,4.907151604,0.1,0.1
7049409583,7049432086,30.98382824,0.6,0.6
7049409583,7049432086,62.87518923,0.6,0.6
7049409583,2187247015,30.38744753,-0.6,0
7049432086,2187246989,19.83694327,0.3,0.3
7049432086,7049409583,30.98382824,-0.6,0
7049432086,7049409583,62.87518923,-0.6,0
7099828383,2592759336,49.20157716,1.5,1.5
7099828383,7099851934,66.8052615,-1.5,0
7099828383,2592759184,37.64755306,0.2,0.2
7099851900,7099851936,12.15037533,0.1,0.1
7099851900,7099851928,31.67980899,-0.3,0
7099851900,7099852039,67.55463221,-1.4,0
7099851918,7099852039,34.5843152,1.2,1.2
7099851918,5406585818,50.02528264,0.6,0.6
7099851918,7099851923,85.5625499,-3.6,0
7099851923,7099852043,31.91408556,0.3,0.3
7099851923,7099851918,85.5625499,3.6,3.6
7099851923,7099852047,49.90185977,-2.1,0
7099851928,7099851930,77.36571788,1.1,1.1
7099851928,7099851900,31.67980899,0.3,0.3
7099851928,5406585811,53.87349708,2.2,2.2
7099851928,5406585818,73.38211451,-1.7,0
7099851929,7099851930,28.45200802,-0.9,0
7099851929,2592759141,96.51382231,0.2,0.2
7099851929,5406585811,50.06092913,0.2,0.2
7099851930,7099851934,10.65248607,0.2,0.2
7099851930,7099851929,28.45200802,0.9,0.9
7099851930,7099851928,77.36571788,-1.1,0
7099851934,7099851930,10.65248607,-0.2,0
7099851934,7099851935,14.14608928,0.7,0.7
7099851934,7099828383,66.8052615,1.5,1.5
7099851935,1303246290,5.354190658,-0.1,0
7099851935,1303244269,44.59460885,1.3,1.3
7099851935,7099851934,14.14608928,-0.7,0
7099851936,1786152730,89.99246359,-1,0
7099851936,1303244259,12.18416809,0.5,0.5
7099851936,7099851900,12.15037533,-0.1,0
7099851941,5406585804,4.685861094,0.1,0.1
7099851941,1767727210,9.212134008,-0.3,0
7099851941,7099852047,85.98483883,4.7,4.7
7099851941,7099851945,32.85818212,-0.3,0
7099851945,1303245814,6.517962748,0,0
7099851945,7099851993,28.03649335,-0.1,0
7099851945,7099851941,32.85818212,0.3,0.3
7099851946,1303243680,8.393363994,-0.1,0
7099851946,7099851997,44.48431102,0,0
7099851946,7099851948,53.98459029,-0.2,0
7099851946,7099852057,35.32684996,9.4,9.4
7099851948,7099852004,7.544563033,0.1,0.1
7099851948,7099851946,53.98459029,0.2,0.2
7099851948,7099852006,51.93092204,-0.2,0
7099851961,7099852013,8.013995423,-0.1,0
7099851961,7099852067,43.61234293,0.5,0.5
7099851961,7099851964,46.47430853,-0.3,0
7099851964,7099852015,6.80934792,0,0
7099851964,7099851961,46.47430853,0.3,0.3
7099851964,7099852016,73.75155686,-0.8,0
7099851964,7099852073,31.17649029,7,7
7099851971,1303307985,7.79067757,0,0
7099851971,7099852016,70.42182331,0.7,0.7
7099851971,7099851976,50.07164319,-0.5,0
7099851976,1303309324,7.152637289,0,0
7099851976,7099851971,50.07164319,0.5,0.5
7099851976,7099851982,60.92197024,-0.5,0
7099851982,7099852026,77.83421021,-0.5,0
7099851982,7099852025,6.103416048,0,0
7099851982,7099852083,80.53939786,12.1,12.1
7099851982,916037137,120.3492623,8.3,8.3
7099851982,7099851976,60.92197024,0.5,0.5
7099851983,7099852026,64.95328977,0.2,0.2
7099851983,3732566500,30.15225834,-0.4,0
7099851983,916037137,45.11678725,9,9
7099851992,7099851993,6.429806733,0,0
7099851992,1303245814,28.18589517,0.1,0.1
7099851992,7099851994,27.58722395,0,0
7099851993,7099851992,6.429806733,0,0
7099851993,7099851945,28.03649335,0.1,0.1
7099851993,7099851995,27.93044987,0,0
7099851994,7099851995,6.473085429,0,0
7099851994,7099851996,19.26732191,-0.1,0
7099851994,7099851992,27.58722395,0,0
7099851995,7099851994,6.473085429,0,0
7099851995,7099851993,27.93044987,0,0
7099851995,2561641453,8.601573134,0.1,0.1
7099851996,7099851997,7.003136123,0.1,0.1
7099851996,7099851994,19.26732191,0.1,0.1
7099851996,1303243680,46.0107068,0,0
7099851997,7099851996,7.003136123,-0.1,0
7099851997,2561641453,10.43321304,0.1,0.1
7099851997,2561641415,33.14448475,9.1,9.1
7099851997,7099851946,44.48431102,0,0
7099852004,7099851948,7.544563033,-0.1,0
7099852004,1303245942,31.48468549,0.1,0.1
7099852004,5228128324,7.496294482,-0.1,0
7099852005,7099852006,8.93254131,-0.1,0
7099852005,5128328258,16.08809226,0,0
7099852005,3732558536,77.43668698,-0.3,0
7099852006,7099852040,2.671276328,0,0
7099852006,7099852005,8.93254131,0.1,0.1
7099852006,7099851948,51.93092204,0.2,0.2
7099852007,7099852050,6.749715702,-0.1,0
7099852007,3732558536,11.76494065,-0.1,0
7099852007,7099852010,127.5494679,-2,0
7099852009,7099852010,9.350743495,-0.1,0
7099852009,1303243874,18.96286239,0.6,0.6
7099852009,7099852011,14.26422399,-0.1,0
7099852009,7099852085,118.6458571,1.7,1.7
7099852010,7099852066,6.95733937,-0.1,0
7099852010,7099852009,9.350743495,0.1,0.1
7099852010,7099852007,127.5494679,2,2
7099852010,7099852052,161.9733283,8.2,8.2
7099852011,3732569002,17.4323793,-0.2,0
7099852011,7099852012,10.39375814,-0.2,0
7099852011,7099852009,14.26422399,0.1,0.1
7099852012,7099852066,6.960938016,0.1,0.1
7099852012,7099852011,10.39375814,0.2,0.2
7099852012,7099852067,21.36143485,-0.1,0
7099852013,3732569002,53.35605216,0.7,0.7
7099852013,7099852014,21.99522934,0,0
7099852013,7099851961,8.013995423,0.1,0.1
7099852014,7099852013,21.99522934,0,0
7099852014,7099852015,26.93481143,-0.2,0
7099852014,10736725977,58.79101608,4.6,4.6
7099852015,7099852014,26.93481143,0.2,0.2
7099852015,7099851964,6.80934792,0,0
7099852015,7099852017,73.86443732,-0.8,0
7099852016,7099852017,9.284721953,0,0
7099852016,7099852080,111.1417853,9,9
7099852016,7099851964,73.75155686,0.8,0.8
7099852016,7099851971,70.42182331,-0.7,0
7099852017,1303309070,15.92447662,-0.2,0
7099852017,7099852016,9.284721953,0,0
7099852017,7099852015,73.86443732,0.8,0.8
7099852019,1303309070,25.05807907,0.1,0.1
7099852019,1303309070,21.69590494,0.1,0.1
7099852019,1303307985,35.59256288,-0.4,0
7099852025,7099851982,6.103416048,0,0
7099852025,1303309324,57.56342214,0.5,0.5
7099852025,1303307793,77.744561,-0.5,0
7099852026,7099851982,77.83421021,0.5,0.5
7099852026,7099851983,64.95328977,-0.2,0
7099852026,1303307793,5.348449288,0,0
7099852039,7099851900,67.55463221,1.4,1.4
7099852039,7099851918,34.5843152,-1.2,0
7099852039,1786152730,37.06090372,0.5,0.5
7099852039,5406585818,22.43033812,-0.6,0
7099852040,7099852006,2.671276328,0,0
7099852040,1728170134,44.47901107,9.2,9.2
7099852040,2552572609,49.20265597,6.6,6.6
7099852040,7099852050,70.89731559,-0.2,0
7099852043,7099852048,14.42236509,3.3,3.3
7099852043,7099852047,37.31035856,-2.4,0
7099852043,7099851923,31.91408556,-0.3,0
7099852047,7099852043,37.31035856,2.4,2.4
7099852047,7099851923,49.90185977,2.1,2.1
7099852047,7099851941,85.98483883,-4.7,0
7099852048,7099852043,14.42236509,-3.3,0
7099852048,2245132776,85.65194896,3.6,3.6
7099852048,5406585804,121.3070077,-10.3,0
7099852048,7099852155,246.3953992,0.1,0.1
7099852048,7099852153,192.9335705,0.1,0.1
7099852050,7099852007,6.749715702,0.1,0.1
7099852050,7099852052,38.30769903,6.3,6.3
7099852050,7099852040,70.89731559,0.2,0.2
7099852052,7099852050,38.30769903,-6.3,0
7099852052,2552572609,14.94786548,0.5,0.5
7099852052,7099852010,161.9733283,-8.2,0
7099852057,1728170135,19.63439387,-0.3,0
7099852057,4070941367,13.05578784,0.9,0.9
7099852057,7099851946,35.32684996,-9.4,0
7099852066,7099852010,6.95733937,0.1,0.1
7099852066,7099852012,6.960938016,-0.1,0
7099852066,1728170124,34.18835332,6.6,6.6
7099852067,7099852012,21.36143485,0.1,0.1
7099852067,7099851961,43.61234293,-0.5,0
7099852067,7099852073,81.99468147,6.2,6.2
7099852073,1728170070,25.94325371,0.1,0.1
7099852073,7099852067,81.99468147,-6.2,0
7099852073,1728170058,109.8314732,6,6
7099852073,7099851964,31.17649029,-7,0
7099852074,1728170070,34.18489853,-0.1,0
7099852074,10721102929,211.1981936,6.7,6.7
7099852074,10736725977,129.4393139,-2.4,0
7099852077,7099852080,101.6730706,0.2,0.2
7099852077,10721102936,193.4757156,5.8,5.8
7099852077,10736725933,371.9602882,2.4,2.4
7099852080,7099852016,111.1417853,-9,0
7099852080,7099852077,101.6730706,-0.2,0
7099852080,7099852083,19.58874224,1.4,1.4
7099852082,916037109,68.82443132,-3,0
7099852082,7099852083,6.393699923,0,0
7099852082,916037163,66.15427315,2.4,2.4
7099852083,7099852082,6.393699923,0,0
7099852083,7099851982,80.53939786,-12.1,0
7099852083,7099852080,19.58874224,-1.4,0
7099852085,3732558536,11.35417796,0.1,0.1
7099852085,3732558535,11.70153593,0.5,0.5
7099852085,7099852009,118.6458571,-1.7,0
7099852086,7099852090,70.49146036,-5.7,0
7099852090,7099852091,23.93589871,0.7,0.7
7099852090,7099852102,14.75613112,-0.7,0
7099852090,7099852086,70.49146036,5.7,5.7
7099852091,7099852090,23.93589871,-0.7,0
7099852091,7099852096,53.08361656,-0.2,0
7099852091,3732566499,30.05734333,-1.3,0
7099852096,7099852097,27.23975925,-0.4,0
7099852096,7099852091,53.08361656,0.2,0.2
7099852096,4019720131,31.1642971,-1,0
7099852097,7099852096,27.23975925,0.4,0.4
7099852097,4019720131,24.13182208,-0.6,0
7099852097,2261866802,236.9241425,9.8,9.8
7099852102,3732566499,12.18101794,0.1,0.1
7099852102,7099852090,14.75613112,0.7,0.7
7099852102,1303307793,76.10522426,0.7,0.7
7099852153,7099852154,9.971178708,0,0
7099852153,7099852048,192.9335705,-0.1,0
7099852153,7099852155,16.20583936,0,0
7099852154,7099852153,9.971178708,0,0
7099852154,2561641399,7.730355033,-0.3,0
7099852154,7099852155,11.56737635,0,0
7099852155,7099852154,11.56737635,0,0
7099852155,7099852153,16.20583936,0,0
7099852155,7099852048,246.3953992,-0.1,0
7099852156,2561641399,3.477884319,0,0
7099852156,2566516697,123.3851221,0.7,0.7
7099852156,7369033990,153.7975831,-0.8,0
7101986067,5240301962,10.02960555,1.9,1.9
7125325619,10946118958,16.97446293,1.1,1.1
7125325619,10946118960,3.448761253,-0.1,0
7125325619,1728169982,26.28096931,0.7,0.7
7125325619,11951566056,49.41390634,2.5,2.5
7366584599,7366584600,3.184531526,0.3,0.3
7366584599,7924959748,66.64682197,1.3,1.3
7366584599,4070996680,62.01812007,0.3,0.3
7366584600,7366584599,3.184531526,-0.3,0
7366584618,7366584692,4.504359235,0.1,0.1
7366584618,7366584619,5.697909564,0.4,0.4
7366584619,2637060815,4.61668677,0.2,0.2
7366584619,7366584618,5.697909564,-0.4,0
7366584619,7366584697,46.65798921,-0.3,0
7366584689,2267231871,7.660075196,0.4,0.4
7366584689,6475841838,4.938315285,0.4,0.4
7366584689,4070996674,52.10124358,-3.5,0
7366584691,908108751,31.05184974,2.7,2.7
7366584691,908108702,5.084449428,0.1,0.1
7366584691,4070996685,4.585958372,-0.1,0
7366584692,7366584693,8.492427171,0,0
7366584692,7366584618,4.504359235,-0.1,0
7366584692,308022854,7.705706819,0.5,0.5
7366584693,4070996673,4.820400031,-0.1,0
7366584693,7366584692,8.492427171,0,0
7366584693,308022852,7.5658966,0.5,0.5
7366584694,4070996674,4.93825614,-0.1,0
7366584694,7366584695,8.582034276,-0.1,0
7366584694,308022852,11.65129585,-0.9,0
7366584694,2267231871,57.19966555,3.8,3.8
7366584695,7366584694,8.582034276,0.1,0.1
7366584695,4070996679,4.881976624,0,0
7366584695,2267231875,63.50795312,4.2,4.2
7366584695,308022854,11.27932016,-0.8,0
7366584697,908108470,5.595655492,0,0
7366584697,7924960100,16.19902991,0.3,0.3
7366584697,7366584619,46.65798921,0.3,0.3
7366584698,2267231875,4.515825003,-0.1,0
7366584698,2267231900,41.91148795,4.8,4.8
7366584698,4070996679,64.59774,-4.3,0
7366584698,7366852214,85.99506779,3,3
7366844986,1303151690,6.244146347,-0.1,0
7366844986,1303150220,136.1723938,6.8,6.8
7366844986,4070948082,172.697049,-14,0
7366844987,1303151690,3.546605871,-0.1,0
7366844987,2598709682,75.5446661,2.8,2.8
7366844987,7406094168,42.33273204,-4.3,0
7366845048,1767473942,20.22146184,-0.2,0
7366845048,286182061,8.988895855,-0.1,0
7366845048,4070941471,3.480362598,-0.1,0
7366845048,7366845058,5.588486556,0.2,0.2
7366845049,286182061,8.05178256,0.1,0.1
7366845049,7366845059,6.420257612,0.3,0.3
7366845049,7366845050,8.258217197,-0.1,0
7366845049,7369034020,316.5270054,-0.8,0
7366845050,286181276,8.023452138,0.1,0.1
7366845050,7366845049,8.258217197,0.1,0.1
7366845050,7366845056,5.523099707,0,0
7366845050,4019955910,203.8178088,-2.1,0
7366845051,286181276,8.56918669,0.2,0.2
7366845051,1303152777,53.72428769,3.7,3.7
7366845051,7366845057,4.789347925,0,0
7366845051,7366845054,12.84140943,0.3,0.3
7366845054,286181276,5.191107594,-0.1,0
7366845054,6394962503,94.66292763,2.4,2.4
7366845054,7366845055,8.254038238,0.1,0.1
7366845054,7366845051,12.84140943,-0.3,0
7366845055,286182061,5.936809474,-0.1,0
7366845055,7366845054,8.254038238,-0.1,0
7366845055,4070941472,4.855660448,0.1,0.1
7366845055,7366852028,258.1187478,4.6,4.6
7366845056,7366845057,4.260154685,-0.1,0
7366845056,7366845050,5.523099707,0,0
7366845056,7369034013,200.9676708,-2.2,0
7366845057,7366845056,4.260154685,0.1,0.1
7366845057,7366845051,4.789347925,0,0
7366845057,7366852004,53.80330959,3.6,3.6
7366845058,7366845059,4.482543686,-0.1,0
7366845058,7366845048,5.588486556,-0.2,0
7366845058,7369027660,49.50272115,-0.2,0
7366845059,7366845058,4.482543686,0.1,0.1
7366845059,7366845049,6.420257612,-0.3,0
7366845059,4070880062,170.0098518,-1.8,0
7366851992,7366852001,2.564525526,-0.1,0
7366851992,7366851993,3.079276901,0.1,0.1
7366851992,7366851999,29.71426639,1.6,1.6
7366851993,2187246461,28.28613189,1.4,1.4
7366851993,2187246479,6.353686666,0,0
7366851993,7366851992,3.079276901,-0.1,0
7366851993,7366851996,11.66450019,0.2,0.2
7366851996,2187246479,6.415032895,-0.2,0
7366851996,2187246661,83.10997657,6.9,6.9
7366851996,7366851993,11.66450019,-0.2,0
7366851996,7366852003,9.766005205,-0.2,0
7366851999,2187246461,4.367085935,-0.1,0
7366851999,2187246386,94.98442053,1.3,1.3
7366851999,7366851992,29.71426639,-1.6,0
7366851999,7366852000,63.38385979,3.1,3.1
7366852000,2187246432,5.153040294,0,0
7366852000,2187246386,29.08633934,-1.8,0
7366852000,7366851999,63.38385979,-3.1,0
7366852001,7366851992,2.564525526,0.1,0.1
7366852001,7366852002,4.524904562,-0.1,0
7366852001,7366852004,56.0949307,-4.1,0
7366852002,2187246479,5.384339966,0.3,0.3
7366852002,4070948069,3.389153943,0,0
7366852002,7366852001,4.524904562,0.1,0.1
7366852002,1303152777,54.72597175,-3.9,0
7366852003,2187246479,5.322054529,0,0
7366852003,2187246502,31.67780912,2.8,2.8
7366852003,7366851996,9.766005205,0.2,0.2
7366852003,4070948069,6.810606414,-0.3,0
7366852004,1303152777,4.063235777,0.1,0.1
7366852004,7366845057,53.80330959,-3.6,0
7366852004,7366852001,56.0949307,4.1,4.1
7366852004,2187246369,105.9022463,5.2,5.2
7366852005,1303152777,8.633435583,-0.1,0
7366852005,2187246451,27.77414906,2.5,2.5
7366852005,4070948069,55.70107852,3.8,3.8
7366852025,1303244403,4.52223268,0,0
7366852025,7366852026,4.10309859,0,0
7366852025,2267294241,61.3365448,0.7,0.7
7366852025,7369027661,31.89303047,-0.2,0
7366852026,1303244403,4.059712879,0,0
7366852026,7366852025,4.10309859,0,0
7366852026,2267294179,270.0251512,12.6,12.6
7366852026,7369027666,46.56565147,2.2,2.2
7366852027,1303244919,4.369640664,-0.1,0
7366852027,1303151801,29.47369718,0.8,0.8
7366852027,7366852029,12.01344018,-0.3,0
7366852028,2187246674,8.194718027,0.3,0.3
7366852028,4070941477,3.699649699,0,0
7366852028,7366852029,9.012031702,0.3,0.3
7366852028,7366845055,258.1187478,-4.6,0
7366852029,2187246549,71.99944459,-1.7,0
7366852029,1303244919,7.972444369,0.2,0.2
7366852029,7366852028,9.012031702,-0.3,0
7366852029,7366852027,12.01344018,0.3,0.3
7366852030,7366852034,5.763363019,-0.2,0
7366852030,4070953856,29.70477744,0.5,0.5
7366852030,4070953846,196.9529874,5.1,5.1
7366852033,2187246674,5.785645035,-0.1,0
7366852033,7366852034,8.838905147,0.2,0.2
7366852033,7366852205,186.2998037,5,5
7366852033,7366852036,10.15485173,-0.3,0
7366852034,1303244919,6.350312611,-0.1,0
7366852034,7366852030,5.763363019,0.2,0.2
7366852034,7366852033,8.838905147,-0.2,0
7366852034,7366852206,191.8808764,5.1,5.1
7366852036,2187246674,4.562213599,0.2,0.2
7366852036,2187246625,23.23610025,0.2,0.2
7366852036,4070941477,8.076425581,-0.1,0
7366852036,7366852033,10.15485173,0.3,0.3
7366852038,2187246871,6.229439028,0,0
7366852038,2187246944,108.7957595,6.4,6.4
7366852038,4070953856,70.09833787,-4.8,0
7366852165,2636411794,3.174374946,0.1,0.1
7366852165,7366852167,13.40232206,-0.1,0
7366852165,7368658457,125.4106937,-1,0
7366852167,1704650244,4.712788605,0.1,0.1
7366852167,2267231814,79.27295871,1.5,1.5
7366852167,4070953802,7.814775493,0.1,0.1
7366852167,7366852165,13.40232206,0.1,0.1
7366852168,1704650244,8.203271167,0,0
7366852168,4070953802,4.026482938,0,0
7366852168,7366852169,7.236948016,0.1,0.1
7366852168,6447149347,133.3625554,-4.9,0
7366852169,1704650253,9.624252195,0.1,0.1
7366852169,7366852168,7.236948016,-0.1,0
7366852169,4070953799,5.210852164,0.1,0.1
7366852169,7366852211,210.1564304,-7.2,0
7366852170,6449418996,6.065896034,-0.1,0
7366852170,4070953800,6.561407796,-0.1,0
7366852170,1704650253,8.26440735,-0.1,0
7366852170,1303243654,31.11311546,0.1,0.1
7366852173,908108408,5.466761385,0,0
7366852173,7924959775,39.27105521,-3.2,0
7366852173,7924959745,16.72112392,-0.3,0
7366852174,6447149373,35.31463471,-1.2,0
7366852174,6437963404,33.51658451,0.5,0.5
7366852174,6447149396,11.97994151,0,0
7366852174,6447149398,15.77861899,0,0
7366852175,2267294339,12.34231574,0.5,0.5
7366852175,2267294336,5.954141309,0.1,0.1
7366852175,7366852176,49.59854874,0.4,0.4
7366852175,4070953790,95.36068333,-2.1,0
7366852176,2267294342,10.39672544,0.3,0.3
7366852176,2267294337,5.242974835,-0.1,0
7366852176,7366852175,49.59854874,-0.4,0
7366852176,11954201548,141.2319125,-0.3,0
7366852177,1303149975,3.569226416,0,0
7366852177,2187246969,106.9266772,1.9,1.9
7366852177,7366852178,51.24451719,-4.7,0
7366852177,7406094168,49.49517401,4.8,4.8
7366852178,1303149946,4.10676416,0.1,0.1
7366852178,1303150582,92.26397552,3.6,3.6
7366852178,4070953845,23.34238568,-0.3,0
7366852178,7366852177,51.24451719,4.7,4.7
7366852198,1303152657,6.251726829,-0.2,0
7366852198,7366852208,5.218185978,0.1,0.1
7366852198,7366852199,8.262631426,-0.4,0
7366852198,2267294337,256.2871014,2,2
7366852199,2267231915,5.671358714,-0.1,0
7366852199,7366852198,8.262631426,0.4,0.4
7366852199,2267231896,297.8310136,2.4,2.4
7366852199,7366852205,23.42380143,-0.3,0
7366852205,2267231915,7.554119494,0.2,0.2
7366852205,7366852206,7.995116951,0.3,0.3
7366852205,7366852033,186.2998037,-5,0
7366852205,7366852199,23.42380143,0.3,0.3
7366852206,1303152657,7.298962971,0.2,0.2
7366852206,7366852205,7.995116951,-0.3,0
7366852206,4070953846,5.512741044,0.2,0.2
7366852206,7366852034,191.8808764,-5.1,0
7366852207,1303149946,23.43725737,0.4,0.4
7366852207,1303152657,7.794239756,-0.1,0
7366852207,4070953845,5.478689161,0,0
7366852207,4070948082,4.229264798,0.1,0.1
7366852208,4070948082,3.919624524,-0.1,0
7366852208,7366852198,5.218185978,-0.1,0
7366852208,11954201548,115.6041723,1.7,1.7
7366852209,2267231896,4.829272203,0.1,0.1
7366852209,2267231906,96.79632629,7.1,7.1
7366852209,4070953795,100.3670164,-2.4,0
7366852210,308022850,9.256209608,-0.1,0
7366852210,7366852211,9.465111858,0,0
7366852210,4070953805,3.546069075,-0.1,0
7366852210,6447149347,76.77217857,2.2,2.2
7366852211,461629181,9.698008484,0.2,0.2
7366852211,4070953796,5.560167128,0.1,0.1
7366852211,7366852210,9.465111858,0,0
7366852211,7366852169,210.1564304,7.2,7.2
7366852212,2267294336,96.05469197,2.3,2.3
7366852212,461629182,9.001363249,-0.2,0
7366852212,4070953790,6.341012609,0.1,0.1
7366852212,7366852213,10.52337504,0,0
7366852213,461629181,9.335306565,-0.2,0
7366852213,2267231896,101.9233707,2.5,2.5
7366852213,7366852212,10.52337504,0,0
7366852213,4070953795,5.279789471,0,0
7366852214,4070953790,27.66516905,0.6,0.6
7366852214,7366852215,7.214107955,-0.1,0
7366852214,7366584698,85.99506779,-3,0
7366852215,7366852214,7.214107955,0.1,0.1
7366852215,7366852216,10.75978478,-0.1,0
7366852215,308022851,9.104925838,0.2,0.2
7366852215,2267231875,86.49845329,-3,0
7366852216,7366852215,10.75978478,0.1,0.1
7366852216,4070953806,4.436642792,0.1,0.1
7366852216,2267231871,92.27242866,-3.2,0
7366852216,308022850,9.10380382,0.2,0.2
7368658439,2636411756,1.411559716,0.1,0.1
7368658439,1303243558,2.890441588,0,0
7368658439,7368658441,13.0897385,0.1,0.1
7368658440,1303244370,2.908554155,-0.1,0
7368658440,1767739960,6.094442883,-0.1,0
7368658440,7368658441,37.38287707,-0.5,0
7368658440,10738681910,54.29249752,2.5,2.5
7368658441,7368658439,13.0897385,-0.1,0
7368658441,7368658444,11.1631977,-1.3,0
7368658441,7368658440,37.38287707,0.5,0.5
7368658444,7368658453,53.73195349,0,0
7368658444,7368658453,68.3509224,0,0
7368658444,7368658441,11.1631977,1.3,1.3
7368658453,1303243471,6.611735109,-0.3,0
7368658453,7368658444,53.73195349,0,0
7368658453,7368658444,68.3509224,0,0
7368658454,2558588796,3.74641111,0.1,0.1
7368658454,2857742914,4.581283847,0,0
7368658454,2558588811,5.280158252,0.1,0.1
7368658454,7369027671,41.30580629,-0.7,0
7368658455,6452310902,26.99983434,-0.8,0
7368658455,7368658469,48.84799321,-2.2,0
7368658455,7368658458,72.85015625,2.1,2.1
7368658457,7368658458,26.41433945,-0.7,0
7368658457,2636411771,3.060635031,0.1,0.1
7368658457,7366852165,125.4106937,1,1
7368658458,7368658457,26.41433945,0.7,0.7
7368658458,1704222981,2.963741006,0.2,0.2
7368658458,7368658455,72.85015625,-2.1,0
7368658461,7368658462,1.988564243,0,0
7368658461,7368658472,13.28345819,0.4,0.4
7368658461,1484203758,117.430835,-1,0
7368658462,461629164,4.637441663,0.2,0.2
7368658462,7368658461,1.988564243,0,0
7368658462,7368658463,8.594001354,-0.1,0
7368658462,1484203765,126.790273,-7.6,0
7368658463,308022083,4.428614511,0.2,0.2
7368658463,7368658462,8.594001354,0.1,0.1
7368658463,7368658467,10.01032096,0.2,0.2
7368658467,2639302817,24.74030807,0.2,0.2
7368658467,308022083,6.428916741,0,0
7368658467,7368658463,10.01032096,-0.2,0
7368658467,7368658469,9.451996896,0.3,0.3
7368658469,7368658455,48.84799321,2.2,2.2
7368658469,7368658470,2.463282022,0.1,0.1
7368658469,7368658467,9.451996896,-0.3,0
7368658470,308022083,8.088582499,-0.4,0
7368658470,7368658469,2.463282022,-0.1,0
7368658470,7368658471,8.772589865,0,0
7368658470,1704222981,122.3303504,4.4,4.4
7368658471,461629164,8.494667868,-0.3,0
7368658471,7368658470,8.772589865,0,0
7368658471,7368658472,2.43532136,-0.1,0
7368658471,461629163,125.0545444,4.6,4.6
7368658472,7368658471,2.43532136,0.1,0.1
7368658472,7368660596,51.07466425,2.5,2.5
7368658472,7368658461,13.28345819,-0.4,0
7368658473,6447147573,3.495320176,0.1,0.1
7368658473,1484203701,1.416446956,0,0
7368658473,7368660729,207.2269891,-0.5,0
7368658483,1484203774,5.796927205,-0.1,0
7368658483,10742881924,4.730500723,-0.1,0
7368658483,7368660709,202.1938086,-0.3,0
7368658483,6449408236,8.216352626,0,0
7368660596,7368658472,51.07466425,-2.5,0
7368660596,6449408251,21.29736745,4.7,4.7
7368660596,10735004295,76.11443462,2.5,2.5
7368660598,2636411766,5.82527828,0.1,0.1
7368660598,7368660723,117.2424807,1.3,1.3
7368660598,10735004295,3.496370053,-0.1,0
7368660608,1767727210,4.129339888,0,0
7368660608,1767727214,73.53497657,4.7,4.7
7368660608,7368660612,211.5211596,10.6,10.6
7368660612,1303244918,4.035691219,0,0
7368660612,1303245898,139.5862716,2.7,2.7
7368660612,7368660608,211.5211596,-10.6,0
7368660612,7368660615,101.1534908,1.7,1.7
7368660615,1303244716,3.87899473,0.1,0.1
7368660615,1303245898,39.57632539,1,1
7368660615,7368660612,101.1534908,-1.7,0
7368660615,7368660618,84.32782767,2.5,2.5
7368660618,1303246290,4.674950099,0.1,0.1
7368660618,1303245898,115.9972711,-1.5,0
7368660618,7368660615,84.32782767,-2.5,0
7368660618,2587567925,49.80140665,1.5,1.5
7368660623,1303245332,3.222961581,0,0
7368660623,1303243660,25.73542206,0.8,0.8
7368660623,7368660743,46.9584596,-1.6,0
7368660623,7368660625,37.42239756,1.9,1.9
7368660625,1303244343,3.821079437,0.1,0.1
7368660625,1303244213,44.58862683,0.2,0.2
7368660625,7368660623,37.42239756,-1.9,0
7368660625,7368660627,36.2393439,1.8,1.8
7368660627,1303244833,65.1432104,0.7,0.7
7368660627,1303245243,3.80259083,0,0
7368660627,7368660625,36.2393439,-1.8,0
7368660627,10750743309,35.19561172,1.1,1.1
7368660636,1303244983,3.626740892,0,0
7368660636,1303244266,83.12405859,5.9,5.9
7368660636,10750743308,159.0704549,4.5,4.5
7368660636,7368660640,66.66773644,-1.9,0
7368660640,1303246278,3.628432376,0,0
7368660640,1303243664,85.03701745,0.7,0.7
7368660640,7368660636,66.66773644,1.9,1.9
7368660640,7368660643,43.69267546,-1.7,0
7368660643,1303244958,85.3189016,4.2,4.2
7368660643,1303245434,3.540387465,0,0
7368660643,7368660640,43.69267546,1.7,1.7
7368660643,7368660647,37.08097901,-2.3,0
7368660647,1303245980,2.905137948,0,0
7368660647,4070953801,307.8425445,-1.8,0
7368660647,7368660643,37.08097901,2.3,2.3
7368660647,10735004290,36.67850272,-1.4,0
7368660650,1303245434,3.190252512,0.1,0.1
7368660650,2587567974,76.85402607,-2.6,0
7368660650,10750646697,107.5651104,4.4,4.4
7368660650,7368660751,67.2594011,-3.6,0
7368660658,6449408276,28.46992992,-1.4,0
7368660658,7368660663,109.661605,-0.2,0
7368660658,10750646697,84.85155918,-2.7,0
7368660663,7368660664,24.89778721,-1.2,0
7368660663,7368660658,109.661605,0.2,0.2
7368660663,6452310341,35.82124705,0,0
7368660664,7368660663,24.89778721,1.2,1.2
7368660664,6452310342,34.36021526,-0.1,0
7368660664,7368660740,124.3371063,-5.5,0
7368660671,7368660673,75.52619047,0.3,0.3
7368660671,7368660673,58.77240471,0.3,0.3
7368660671,2558588781,71.40906636,-3.7,0
7368660673,7368660671,75.52619047,-0.3,0
7368660673,7368660671,58.77240471,-0.3,0
7368660673,1984399491,47.38157829,-1.4,0
7368660676,1303243558,116.9684291,2,2
7368660676,1303243928,4.187062793,0.1,0.1
7368660676,7368660680,28.93175668,-1.1,0
7368660676,7368660684,49.72069851,1.9,1.9
7368660680,2643543079,42.13430028,1.4,1.4
7368660680,1303246463,4.173366679,0,0
7368660680,7368660676,28.93175668,1.1,1.1
7368660680,7369034006,28.99244585,-1.3,0
7368660681,2162438536,18.92709448,-0.1,0
7368660681,2162438537,5.429219275,0,0
7368660681,7368660682,41.733759,1.4,1.4
7368660681,4070941412,60.36771648,-2.5,0
7368660682,2162438538,21.30630349,-0.3,0
7368660682,1303246008,6.769257969,0,0
7368660682,7368660681,41.733759,-1.4,0
7368660682,2588145125,20.74107829,0.7,0.7
7368660684,1303245697,3.418316534,0.1,0.1
7368660684,1303244370,118.0826798,0.6,0.6
7368660684,7368660676,49.72069851,-1.9,0
7368660684,7368660689,67.66515249,2.4,2.4
7368660689,1303245218,2.905037631,0.1,0.1
7368660689,1767739951,114.595775,0.7,0.7
7368660689,7368660684,67.66515249,-2.4,0
7368660689,7368660692,63.68779396,2.3,2.3
7368660692,1303244401,4.098782212,0,0
7368660692,1767473936,86.65372734,1.1,1.1
7368660692,7368660689,63.68779396,-2.3,0
7368660692,10738681913,95.848802,1.6,1.6
7368660696,1983118462,3.501578366,0,0
7368660696,2162718497,47.30704511,-0.2,0
7368660696,2636411744,11.76547824,0.2,0.2
7368660708,4020938318,20.29865781,-0.3,0
7368660708,1484203732,5.808571228,-0.1,0
7368660708,10739295319,51.86391801,-0.5,0
7368660708,10742881915,112.1478407,-0.5,0
7368660709,1484203786,5.327367399,0,0
7368660709,10742881923,4.349279984,0,0
7368660709,10742881922,4.003819311,-0.1,0
7368660709,7368658483,202.1938086,0.3,0.3
7368660717,7368660725,2.968591499,0.1,0.1
7368660717,10742881922,30.30000952,0.2,0.2
7368660717,7368660723,8.473446455,-0.2,0
7368660723,7368660726,4.072774372,0,0
7368660723,7368660717,8.473446455,0.2,0.2
7368660723,7368660598,117.2424807,-1.3,0
7368660724,2587513281,18.4699301,0.3,0.3
7368660724,7368660727,4.626611626,-0.1,0
7368660724,2587567960,98.50323864,-1.2,0
7368660725,1484203803,6.800588628,0,0
7368660725,2626055014,29.7884843,0.2,0.2
7368660725,2587513276,3.010556946,0.1,0.1
7368660725,7368660717,2.968591499,-0.1,0
7368660726,2636411766,119.3557319,-1.2,0
7368660726,1484203803,9.97748846,0.3,0.3
7368660726,7368660723,4.072774372,0,0
7368660726,7368660727,6.94112498,0.1,0.1
7368660727,1704222985,9.585698858,0.2,0.2
7368660727,7368660726,6.94112498,-0.1,0
7368660727,7368660724,4.626611626,0.1,0.1
7368660727,2636411768,123.4919565,-1.2,0
7368660729,2626055014,2.673491559,0,0
7368660729,2626055007,36.55175335,1.8,1.8
7368660729,2587513276,29.86168442,-0.1,0
7368660729,7368658473,207.2269891,0.5,0.5
7368660730,2587513207,9.729656021,0.4,0.4
7368660730,1303243402,199.6274068,-4.9,0
7368660730,2587513209,14.33789497,0.5,0.5
7368660732,10605937411,14.47002221,0.1,0.1
7368660732,2575577325,31.37487048,0.3,0.3
7368660732,7368660734,51.43950968,1.3,1.3
7368660734,10742965969,7.128326685,-0.1,0
7368660734,7368660732,51.43950968,-1.3,0
7368660734,2469038990,35.91443753,0.1,0.1
7368660736,1704650319,27.9994855,0.5,0.5
7368660736,2469038990,47.97271949,0.5,0.5
7368660736,7368660737,11.23660523,-0.2,0
7368660737,10742965966,10.21797205,-0.2,0
7368660737,7368660736,11.23660523,0.2,0.2
7368660737,9933290458,37.58321259,-0.3,0
7368660740,1303243880,2.877123437,0,0
7368660740,1303246427,80.56436016,3.5,3.5
7368660740,7368660742,42.08853354,-1.7,0
7368660740,7368660664,124.3371063,5.5,5.5
7368660742,1303243623,3.66284368,0,0
7368660742,1303246427,120.0761214,5.2,5.2
7368660742,2587513290,39.99668132,-0.9,0
7368660742,7368660740,42.08853354,1.7,1.7
7368660743,1303244265,4.350502754,0,0
7368660743,1767473943,77.92179312,-7.7,0
7368660743,7368660623,46.9584596,1.6,1.6
7368660743,7368660745,45.99840257,-1.4,0
7368660745,1303243880,3.466449369,0,0
7368660745,1303244179,98.30362362,-4.2,0
7368660745,7368660743,45.99840257,1.4,1.4
7368660745,7368660747,42.12557094,-1.7,0
7368660747,1303243623,4.020966378,0,0
7368660747,2574341570,72.1953559,0.3,0.3
7368660747,7368660745,42.12557094,1.7,1.7
7368660747,2587513285,39.61454807,-1.6,0
7368660750,1303245980,35.70962378,1.3,1.3
7368660750,1303243388,8.88703297,0,0
7368660750,10735004290,4.651265806,-0.1,0
7368660750,7368660751,4.8483295,-0.1,0
7368660751,7368660750,4.8483295,0.1,0.1
7368660751,2587567976,37.37923418,1,1
7368660751,7368660650,67.2594011,3.6,3.6
7369027660,1303244403,4.044216964,0,0
7369027660,1303244921,111.6252805,3.6,3.6
7369027660,7369027665,49.01530907,2.2,2.2
7369027660,7366845058,49.50272115,0.2,0.2
7369027661,2267294248,39.52306306,0.7,0.7
7369027661,1767473942,2.422541998,0,0
7369027661,4070941471,20.5709986,0.1,0.1
7369027661,7366852025,31.89303047,0.2,0.2
7369027662,1303245763,4.615669339,0,0
7369027662,1303243471,72.86331135,3.8,3.8
7369027662,7369027665,47.18845286,-2.9,0
7369027662,7369027664,31.51889472,1.8,1.8
7369027663,1983118493,17.51982046,-0.3,0
7369027663,1983118522,6.957200174,0.2,0.2
7369027663,2162718497,143.7712364,3.1,3.1
7369027663,2558588781,65.87976357,-0.8,0
7369027664,1303246238,3.996366256,0.1,0.1
7369027664,1767739960,97.75630199,4,4
7369027664,7369027662,31.51889472,-1.8,0
7369027664,6957360460,49.53930179,3.1,3.1
7369027665,1303245724,4.248006196,0,0
7369027665,1303244238,89.82462488,3.9,3.9
7369027665,7369027662,47.18845286,2.9,2.9
7369027665,7369027660,49.01530907,-2.2,0
7369027666,1303245724,3.512459058,0,0
7369027666,1303245801,96.06618953,6.1,6.1
7369027666,6957360461,120.0031502,7.8,7.8
7369027666,7366852026,46.56565147,-2.2,0
7369027671,2588145134,4.041563204,-0.2,0
7369027671,2588145136,4.910125636,0.3,0.3
7369027671,1303243958,3.257958568,0,0
7369027671,7368658454,41.30580629,0.7,0.7
7369033892,1303243998,6.253438503,0.3,0.3
7369033892,3803655172,107.0481743,2,2
7369033892,7369033941,3.678687157,0,0
7369033892,461630507,18.11291955,-0.8,0
7369033893,1303243477,31.56815354,0.6,0.6
7369033893,1303244168,3.758082598,-0.1,0
7369033893,4070941319,26.73793739,-1,0
7369033897,1303151719,40.0642731,1.2,1.2
7369033897,1303151281,6.609897675,0,0
7369033897,10751780993,4.537434295,0,0
7369033897,10751780996,10.58143087,0.1,0.1
7369033899,7369033916,36.29445754,-0.7,0
7369033899,2187246669,153.3941282,7.8,7.8
7369033899,7369033908,96.04793377,0.3,0.3
7369033908,1303151719,14.94887242,-0.1,0
7369033908,1303149938,50.04411811,0.6,0.6
7369033908,7369033899,96.04793377,-0.3,0
7369033914,461630515,4.177317041,0.1,0.1
7369033914,10751842706,4.030503102,0.1,0.1
7369033914,2187246616,134.5795787,8,8
7369033914,7369033916,48.437889,-1.2,0
7369033916,2187246388,5.086957428,0.1,0.1
7369033916,7369033899,36.29445754,0.7,0.7
7369033916,7369033914,48.437889,1.2,1.2
7369033916,10751780996,60.85817259,-0.2,0
7369033918,461630509,7.18665377,0.1,0.1
7369033918,1303245275,25.40272737,0.4,0.4
7369033918,4070941448,2.910143948,0.1,0.1
7369033918,7369033922,8.623878861,-0.1,0
7369033919,461630510,7.072891145,0.1,0.1
7369033919,7369033920,9.159287279,0,0
7369033919,4070941028,5.116112079,0,0
7369033920,461630509,6.924317275,0.1,0.1
7369033920,7369033922,3.949070737,-0.1,0
7369033920,7369033919,9.159287279,0,0
7369033920,10736725807,400.6174808,-3.1,0
7369033922,7369033920,3.949070737,0.1,0.1
7369033922,4070941292,99.32348239,-0.9,0
7369033922,7369033918,8.623878861,0.1,0.1
7369033923,461630509,6.155065048,-0.1,0
7369033923,4070941447,5.481025675,-0.1,0
7369033923,7369033924,9.34267486,0,0
7369033923,7369034016,272.2765869,2.7,2.7
7369033924,461630510,6.401436248,-0.1,0
7369033924,7369033923,9.34267486,0,0
7369033924,4070941012,4.840282014,-0.1,0
7369033924,7369034015,272.6868959,2.7,2.7
7369033925,10751780972,4.6979535,-0.1,0
7369033925,10751780973,3.833722259,-0.1,0
7369033925,461630510,6.501449817,0,0
7369033925,3803654338,67.46697671,0.2,0.2
7369033926,3803654338,4.308425125,0,0
7369033926,10751842707,321.0419312,0.5,0.5
7369033926,10751842707,93.66433523,0.5,0.5
7369033926,10751780972,64.56337106,-0.3,0
7369033927,1303246100,7.740954896,-0.1,0
7369033927,1303245549,37.33854577,0.7,0.7
7369033927,7369033941,146.838387,-2.4,0
7369033928,1303245275,3.389098557,0.1,0.1
7369033928,3730550104,100.2571951,5.7,5.7
7369033928,4070941448,25.33451898,-0.2,0
7369033928,7369033931,47.20628321,1.9,1.9
7369033931,1303246091,3.642774955,0.1,0.1
7369033931,1303246413,100.4490572,5,5
7369033931,7369033928,47.20628321,-1.9,0
7369033931,7369033934,46.6529598,2.1,2.1
7369033934,1303243821,69.49354275,4.3,4.3
7369033934,1303245016,3.17173076,-0.1,0
7369033934,7369033931,46.6529598,-2.1,0
7369033934,7369033937,42.97439419,1.8,1.8
7369033937,1303245823,3.900913754,0.1,0.1
7369033937,1303243821,92.88565044,2.5,2.5
7369033937,7369033934,42.97439419,-1.8,0
7369033937,7369033941,48.93366425,2.2,2.2
7369033941,7369033892,3.678687157,0,0
7369033941,7369033942,6.141658826,0.2,0.2
7369033941,7369033927,146.838387,2.4,2.4
7369033941,7369033937,48.93366425,-2.2,0
7369033942,1303243998,4.373114205,0.1,0.1
7369033942,7369033941,6.141658826,-0.2,0
7369033942,7369033945,212.1440189,0.5,0.5
7369033942,7369033945,41.32752519,0.5,0.5
7369033945,1303246306,3.060769207,0,0
7369033945,7369033942,212.1440189,-0.5,0
7369033945,7369033942,41.32752519,-0.5,0
7369033945,7369033948,45.04563761,-1.4,0
7369033948,1303244036,84.3151161,4.8,4.8
7369033948,1303243761,2.989733664,0,0
7369033948,7369033945,45.04563761,1.4,1.4
7369033948,7369033951,45.15852977,-1.5,0
7369033951,1303243438,2.883715598,0.1,0.1
7369033951,1303246335,85.29119065,5.3,5.3
7369033951,7369033948,45.15852977,1.5,1.5
7369033951,7369033954,45.00269797,-1.3,0
7369033954,1303244867,2.872745874,0.1,0.1
7369033954,1303245099,88.83382172,5.4,5.4
7369033954,7369033951,45.00269797,1.3,1.3
7369033954,7369033959,126.0922249,4.1,4.1
7369033959,1303243752,2.913723534,0,0
7369033959,1303245099,37.87273135,1.3,1.3
7369033959,7369033954,126.0922249,-4.1,0
7369033959,7369033963,68.77907439,0.6,0.6
7369033963,1303245512,4.232554669,0,0
7369033963,1303246399,56.7819359,1,1
7369033963,7369033959,68.77907439,-0.6,0
7369033963,7369033966,40.11842472,-2.6,0
7369033966,1303244710,4.417682542,0.1,0.1
7369033966,1303244186,84.07198791,4.4,4.4
7369033966,7369033963,40.11842472,2.6,2.6
7369033966,7369033969,40.6893272,-1.6,0
7369033969,461630504,3.882041412,0,0
7369033969,1303244009,105.2555618,6.9,6.9
7369033969,7369033966,40.6893272,1.6,1.6
7369033969,7369033972,46.74472486,0.1,0.1
7369033972,1303246048,1.528544311,0,0
7369033972,3731644107,21.97357837,0.7,0.7
7369033972,7369033969,46.74472486,-0.1,0
7369033972,7369033975,47.09623955,0.3,0.3
7369033975,1303243747,1.303568053,0,0
7369033975,3731644113,7.678842683,0,0
7369033975,7369033972,47.09623955,-0.3,0
7369033975,7369033978,46.78877746,0.2,0.2
7369033978,1303243568,112.3594073,2,2
7369033978,1303245638,2.633994624,0,0
7369033978,7369033975,46.78877746,-0.2,0
7369033978,7369033980,47.77364848,0.5,0.5
7369033980,1303243719,108.8485969,0.6,0.6
7369033980,1303245638,50.84503215,-0.5,0
7369033980,7369033978,47.77364848,-0.5,0
7369033981,7369033984,127.0697188,-0.9,0
7369033984,1303246232,5.043280385,0,0
7369033984,2636411690,170.3800108,-11.9,0
7369033984,7369033981,127.0697188,0.9,0.9
7369033990,7099852156,153.7975831,0.8,0.8
7369033990,7369033992,59.25388881,-0.3,0
7369033990,2591041246,60.20757242,3.1,3.1
7369033991,2574372178,11.90267365,2,2
7369033991,7369033992,12.39743038,0.1,0.1
7369033991,4070941325,145.0627755,-1.7,0
7369033992,2574372175,26.36329521,2.1,2.1
7369033992,7369033990,59.25388881,0.3,0.3
7369033992,7369033991,12.39743038,-0.1,0
7369033993,2637979826,5.141896184,-0.1,0
7369033993,7369033994,8.578205285,0.1,0.1
7369033993,7369033996,4.747705728,0,0
7369033993,10721114736,575.9251174,3.8,3.8
7369033994,461630500,5.526420914,-0.1,0
7369033994,4070941325,5.464057765,-0.1,0
7369033994,7369033993,8.578205285,-0.1,0
7369033994,10721114737,573.6847331,3.7,3.7
7369033995,461630504,30.70773841,0.1,0.1
7369033995,2637979826,6.417705056,0,0
7369033995,7369033997,3.647243615,0,0
7369033995,4070941428,5.070528092,-0.1,0
7369033996,7369033993,4.747705728,0,0
7369033996,7369033997,2.895582001,-0.1,0
7369033996,4070941358,108.4704116,1.5,1.5
7369033997,7369033995,3.647243615,0,0
7369033997,7369033996,2.895582001,0.1,0.1
7369033997,5228128355,134.9635589,5.8,5.8
7369033998,461630500,6.1554498,0.1,0.1
7369033998,7369033999,8.43626885,-0.1,0
7369033998,4070880045,6.290320556,-0.1,0
7369033998,7369034017,202.1619789,-2.4,0
7369033999,2637979826,6.996873691,0.1,0.1
7369033999,4070941429,4.038303627,0,0
7369033999,7369033998,8.43626885,0.1,0.1
7369033999,7369034018,201.6964298,-2.4,0
7369034000,461630500,8.449621013,0.1,0.1
7369034000,1303246072,31.30577613,0.8,0.8
7369034000,4070941425,4.133150154,0,0
7369034000,4070941324,3.492697159,0,0
7369034001,461630504,3.553009997,0,0
7369034001,1303246048,43.23887713,0.1,0.1
7369034001,4070941428,31.64351577,-0.2,0
7369034002,1303245121,4.936144939,0,0
7369034002,2574372159,68.4575111,0.5,0.5
7369034002,4070941418,4.023439817,0,0
7369034002,7369034003,52.37357895,-2.4,0
7369034003,1303246072,3.667548325,0.1,0.1
7369034003,1303244623,147.3493973,3.3,3.3
7369034003,4070941324,31.85860028,-0.7,0
7369034003,7369034002,52.37357895,2.4,2.4
7369034006,1303245267,40.37388424,1.9,1.9
7369034006,1303245510,4.112496475,0,0
7369034006,7369034012,90.67318892,-3.8,0
7369034006,7368660680,28.99244585,1.3,1.3
7369034012,1303246072,4.836227616,0.1,0.1
7369034012,1303246265,33.33121189,0.3,0.3
7369034012,4070941425,31.13142884,-0.7,0
7369034012,7369034006,90.67318892,3.8,3.8
7369034013,4019955910,5.6085707,0.1,0.1
7369034013,7366845056,200.9676708,2.2,2.2
7369034013,4070880025,106.2785361,1.6,1.6
7369034013,2187246363,68.12811134,9.1,9.1
7369034014,443306874,9.724611247,-0.1,0
7369034014,4070880024,6.910435333,0.1,0.1
7369034014,4070941003,6.893582383,0,0
7369034014,1303152028,41.91157987,2.6,2.6
7369034015,443306874,15.27580197,-0.1,0
7369034015,4070941004,4.971086867,0,0
7369034015,7369034016,11.80118857,0,0
7369034015,7369033924,272.6868959,-2.7,0
7369034016,443306880,10.09241352,-0.1,0
7369034016,7369034015,11.80118857,0,0
7369034016,4070941438,6.191498687,-0.1,0
7369034016,7369033923,272.2765869,-2.7,0
7369034017,443306873,12.03952657,0,0
7369034017,7369034018,9.657566139,-0.1,0
7369034017,4070880047,7.29434052,-0.2,0
7369034017,7369033998,202.1619789,2.4,2.4
7369034018,443306880,11.52499683,0.1,0.1
7369034018,4070941437,6.544403621,0.1,0.1
7369034018,7369034017,9.657566139,0.1,0.1
7369034018,7369033999,201.6964298,2.4,2.4
7369034019,443306874,15.1652004,0.1,0.1
7369034019,7369034020,11.26138296,0,0
7369034019,4070880025,5.354158616,0.1,0.1
7369034019,4019955910,106.5115865,-1.4,0
7369034020,443306873,11.1758131,0.1,0.1
7369034020,4070880048,6.764926339,0,0
7369034020,7369034019,11.26138296,0,0
7369034020,7366845049,316.5270054,0.8,0.8
7369034021,2187246349,5.560058085,-0.1,0
7369034021,2187246359,72.57832314,2.4,2.4
7369034021,4070880024,62.26863046,-3.7,0
7369034021,7369034024,81.16816932,3.3,3.3
7369034022,3800772433,31.84761153,1,1
7369034022,1303152028,6.534477428,-0.1,0
7369034022,4070941003,41.64751573,-2.7,0
7369034022,7369034023,92.96893889,4.4,4.4
7369034023,3800772438,31.07208996,-0.8,0
7369034023,1303151285,7.073362059,0,0
7369034023,7369034022,92.96893889,-4.4,0
7369034023,4070880041,115.773353,-3,0
7369034024,1303151285,5.566148144,0,0
7369034024,2187246414,41.87737487,-0.3,0
7369034024,7369034021,81.16816932,-3.3,0
7369034024,4070880043,115.1311699,-2.9,0
7369034025,1303151285,115.34758,2.9,2.9
7369034025,1303150833,7.124622731,-0.1,0
7369034025,4070880041,5.691867951,-0.1,0
7369034025,4070880043,5.87580784,0,0
7369034027,3800772439,28.53833615,2,2
7369034027,1303150833,7.95252945,0,0
7369034027,7369034030,13.89899296,0,0
7369034027,4070880041,7.984994811,0,0
7369034030,1303150833,6.876671395,0,0
7369034030,7369034033,12.32328961,0,0
7369034030,7369034027,13.89899296,0,0
7369034030,1303152303,114.4371478,-0.4,0
7369034033,1303150833,7.721447629,0,0
7369034033,2187246519,27.32731771,0.2,0.2
7369034033,4070880043,8.489867079,0.1,0.1
7369034033,7369034030,12.32328961,0,0
7406081422,6447149352,4.525899643,0.1,0.1
7406081422,7406081424,48.25300922,-0.1,0
7406081422,6437963398,122.4490496,-7.9,0
7406081424,6447149349,33.5562608,-2.3,0
7406081424,2267231814,2.169290375,0,0
7406081424,7406081422,48.25300922,0.1,0.1
7406094168,1303150950,4.250824319,0,0
7406094168,1303151619,113.3118568,3.5,3.5
7406094168,7366852177,49.49517401,-4.8,0
7406094168,7366844987,42.33273204,4.3,4.3
7755269987,461630522,7.736160059,-0.2,0
7755269987,7755269988,10.58647337,1.3,1.3
7755269987,7755269992,3.813017234,0,0
7755269987,9009445415,52.34043228,1.7,1.7
7755269988,7755269987,10.58647337,-1.3,0
7755269989,7755269990,41.6558155,0.2,0.2
7755269989,7755269992,41.4698063,-2.9,0
7755269989,13336225512,28.37824168,2.8,2.8
7755269990,7755269989,41.6558155,-0.2,0
7755269992,461630522,7.067450258,-0.2,0
7755269992,7755269987,3.813017234,0,0
7755269992,7755269989,41.4698063,2.9,2.9
7768598949,4020938309,38.5328999,-3.6,0
7924959733,7924959734,7.603193958,-0.5,0
7924959734,908108751,22.80561139,-0.3,0
7924959734,7924959733,7.603193958,0.5,0.5
7924959734,908108609,118.4849401,3.3,3.3
7924959735,7924959736,13.46983224,-1.1,0
7924959736,908108408,6.675848351,0.1,0.1
7924959736,7924959747,10.20333049,-0.2,0
7924959736,7924959735,13.46983224,1.1,1.1
7924959745,7924959746,20.12584961,0.4,0.4
7924959745,7924959747,5.589911699,0,0
7924959745,7924960096,82.42803535,-1.7,0
7924959745,7366852173,16.72112392,0.3,0.3
7924959746,7924959745,20.12584961,-0.4,0
7924959747,7924959736,10.20333049,0.2,0.2
7924959747,908108702,20.80670393,-0.4,0
7924959747,7924959745,5.589911699,0,0
7924959748,4070996685,7.355691728,0.1,0.1
7924959748,7924959749,5.165075287,0,0
7924959748,7924959750,3.473530714,0.1,0.1
7924959748,7366584599,66.64682197,-1.3,0
7924959749,908108702,11.89403388,0.3,0.3
7924959749,7924960099,49.72310361,-1,0
7924959749,7924959748,5.165075287,0,0
7924959750,7924959748,3.473530714,-0.1,0
7924959774,7924959775,79.926227,0.4,0.4
7924959775,7366852173,39.27105521,3.2,3.2
7924959775,7924959774,79.926227,-0.4,0
7924960096,7924960099,5.472382676,0,0
7924960096,7924959745,82.42803535,1.7,1.7
7924960096,7924960100,18.24794347,-0.4,0
7924960096,7924960097,59.64436607,0.6,0.6
7924960097,7924960096,59.64436607,-0.6,0
7924960099,7924959749,49.72310361,1,1
7924960099,7924960102,18.13585406,-0.4,0
7924960099,7924960096,5.472382676,0,0
7924960100,7924960101,28.04059191,0.4,0.4
7924960100,7924960102,5.447303013,0,0
7924960100,7924960096,18.24794347,0.4,0.4
7924960100,7366584697,16.19902991,-0.3,0
7924960101,7924960100,28.04059191,-0.4,0
7924960102,7924960099,18.13585406,0.4,0.4
7924960102,908108470,16.09969837,-0.3,0
7924960102,7924960100,5.447303013,0,0
8132869464,8132869469,10.42389707,-0.2,0
8132869464,8132869465,23.21767101,1.6,1.6
8132869464,8132869465,24.10906178,1.6,1.6
8132869465,8132869464,24.10906178,-1.6,0
8132869465,8132869464,23.21767101,-1.6,0
8132869465,2639302795,46.89242587,3,3
8132869469,8132869464,10.42389707,0.2,0.2
8411254500,8411254506,54.67797866,0.7,0.7
8411254506,8411254500,54.67797866,-0.7,0
8411254506,10269783367,149.2714527,-0.1,0
8411254506,10310178223,8.173603669,-0.1,0
8411254514,10269783372,27.49203473,-0.2,0
8411254514,8411254515,67.46745353,-1.1,0
8411254514,10721114682,51.22103406,-0.3,0
8411254515,8411254514,67.46745353,1.1,1.1
8411254516,2245132927,8.98460807,0,0
8411254516,9983573537,48.56992419,0.5,0.5
8411254516,10269783370,78.86139563,0.1,0.1
8411254516,10721114691,53.96077673,-0.4,0
8411280119,2639302694,6.38968419,0,0
8411280119,8411280120,19.55544382,-0.2,0
8411280119,2639302690,51.10303734,-0.6,0
8411280119,10721114682,15.02891802,0.1,0.1
8411280120,2639302696,6.979642882,0,0
8411280120,2639302693,4.318104078,0.2,0.2
8411280120,10721114688,18.35131203,-0.1,0
8411280120,8411280119,19.55544382,0.2,0.2
8411280138,10723483823,70.52654093,2.8,2.8
8411280161,10723483816,171.8391764,-1.3,0
8411280161,10723432000,86.59431968,0.1,0.1
8411280161,10712492257,38.17869105,0,0
8411280183,8411280185,64.96697945,-6.9,0
8411280185,8411280186,5.503872776,0,0
8411280185,8411280183,64.96697945,6.9,6.9
8411280185,10624985151,48.01572829,-1.1,0
8411280186,8411280185,5.503872776,0,0
8411280186,2637060681,21.74839022,0,0
8411280186,10723432000,33.22440894,-0.3,0
8571718052,8571718099,49.31455124,0,0
8571718052,6437963389,41.16254719,0.3,0.3
8571718052,8571718081,19.47253383,0,0
8571718061,8571718070,46.27108726,0.1,0.1
8571718061,8571718099,19.44679623,0.1,0.1
8571718061,8571718116,32.73844262,0.1,0.1
8571718070,6447147539,14.61436213,-5,0
8571718070,6447147526,37.31526125,-1,0
8571718070,8571718061,46.27108726,-0.1,0
8571718081,8571718116,25.20004306,0,0
8571718081,8571718052,19.47253383,0,0
8571718081,8571718099,34.84157577,0,0
8571718099,8571718061,19.44679623,-0.1,0
8571718099,8571718052,49.31455124,0,0
8571718099,8571718081,34.84157577,0,0
8571718115,8571718116,9.841700295,0,0
8571718115,6447149322,24.68499675,-5.3,0
8571718115,6447149331,24.28648567,-4.7,0
8571718116,8571718115,9.841700295,0,0
8571718116,8571718061,32.73844262,-0.1,0
8571718116,8571718081,25.20004306,0,0
8571776917,6447147525,29.93452346,-2.6,0
8571776917,6437962884,6.333268809,0,0
8571776917,6447147522,16.83571668,1.2,1.2
8796848789,2268370361,12.17507299,-0.5,0
8796848789,8796848791,57.41273404,2.4,2.4
8796848789,9983573421,36.5585977,-3.5,0
8796848789,8796851741,36.73575143,3.6,3.6
8796848791,8796851735,9.318831117,0,0
8796848791,8796848789,57.41273404,-2.4,0
8796848791,8796851730,13.94099446,-4.4,0
8796848798,5241082711,26.56416743,-4.2,0
8796848798,8796848802,55.25820637,7.8,7.8
8796848798,2268370325,98.41946283,11.1,11.1
8796848802,8796851759,30.05410085,-1.4,0
8796848802,2268370311,45.12684582,7,7
8796848802,8796848798,55.25820637,-7.8,0
8796848807,8796851721,8.169310781,0,0
8796848807,8796851759,54.70765884,-8.4,0
8796848807,2268370311,46.37060136,0,0
8796848810,8796851722,11.46157438,-2.8,0
8796848810,8796851728,55.01579748,0.4,0.4
8796848810,8796851721,54.4873685,0.4,0.4
8796851721,8796848807,8.169310781,0,0
8796851721,8796848810,54.4873685,-0.4,0
8796851721,8796851722,61.42627112,-3.2,0
8796851722,8796851723,3.912705728,0.1,0.1
8796851722,8796848810,11.46157438,2.8,2.8
8796851722,8796851721,61.42627112,3.2,3.2
8796851723,8796851722,3.912705728,-0.1,0
8796851723,8796851739,48.96718914,-3,0
8796851723,8796851724,44.74720132,2.1,2.1
8796851724,9983566987,4.994902577,0.1,0.1
8796851724,8796851727,35.20956461,0.1,0.1
8796851724,8796851723,44.74720132,-2.1,0
8796851727,8796851743,15.83655744,0,0
8796851727,8796851728,9.521298193,0.9,0.9
8796851727,9983566999,34.58497057,0.5,0.5
8796851727,8796851724,35.20956461,-0.1,0
8796851728,8796851727,9.521298193,-0.9,0
8796851728,9983566999,30.80159124,-0.4,0
8796851728,8796848810,55.01579748,-0.4,0
8796851730,2268370321,20.52325061,-0.2,0
8796851730,8796851731,14.95604932,-0.4,0
8796851730,8796848791,13.94099446,4.4,4.4
8796851731,8796851737,13.86341052,-0.1,0
8796851731,8796851730,14.95604932,0.4,0.4
8796851731,8796851738,22.53607293,-2.8,0
8796851734,1303245082,132.1050878,1.4,1.4
8796851734,1303246004,36.99577588,-3,0
8796851734,8796851738,22.61672588,3.3,3.3
8796851735,8796851739,23.1588023,0.9,0.9
8796851735,8796848791,9.318831117,0,0
8796851735,8796851738,32.78523694,-7.6,0
8796851737,8796851731,13.86341052,0.1,0.1
8796851737,2268370321,22.81756728,0.3,0.3
8796851737,1303244497,7.946243766,0,0
8796851738,8796851734,22.61672588,-3.3,0
8796851738,8796851735,32.78523694,7.6,7.6
8796851738,8796851731,22.53607293,2.8,2.8
8796851739,8796851723,48.96718914,3,3
8796851739,8796851735,23.1588023,-0.9,0
8796851739,9983566987,22.0390261,5.2,5.2
8796851741,2268370325,36.93848572,2.1,2.1
8796851741,8796848789,36.73575143,-3.6,0
8796851741,8796851743,25.34250402,4.9,4.9
8796851743,8796851727,15.83655744,0,0
8796851743,8796851741,25.34250402,-4.9,0
8796851743,9983566987,58.95680536,0,0
8796851753,8796851759,69.01241877,14.7,14.7
8796851753,2136813369,59.60258034,1.6,1.6
8796851753,2268359400,33.01995613,-1.1,0
8796851759,8796848807,54.70765884,8.4,8.4
8796851759,8796848802,30.05410085,1.4,1.4
8796851759,8796851753,69.01241877,-14.7,0
8796856947,8796856948,17.78989757,-1.4,0
8796856947,5240301944,70.25216818,-0.7,0
8796856947,5240301962,13.10504872,0.2,0.2
8796856948,8796856947,17.78989757,1.4,1.4
8796856949,8828729106,1.577957223,0,0
8796856949,5240301962,9.737283046,-0.2,0
8796856949,5240301957,2.262805979,0,0
8808818564,6447785890,10.77557887,1,1
8808818565,8808818566,8.855506032,-1.2,0
8808818565,5240301113,39.82278191,0.4,0.4
8808818565,5240301944,21.51086625,0,0
8808818566,8808818565,8.855506032,1.2,1.2
8808818567,8808818571,17.43919273,-0.6,0
8808818567,8828729110,39.35513527,2.6,2.6
8808818567,5240301947,5.352219053,0,0
8808818570,5240301941,19.37590739,-1,0
8808818570,5240301947,17.73636759,1.2,1.2
8808818570,8808818571,5.144834817,0.6,0.6
8808818571,6447785657,18.39345693,-1.6,0
8808818571,8808818567,17.43919273,0.6,0.6
8808818571,8808818570,5.144834817,-0.6,0
8828729105,5240301957,2.079591689,0,0
8828729105,8828729109,39.71253426,-1.7,0
8828729105,8828729106,2.936464831,0,0
8828729106,8796856949,1.577957223,0,0
8828729106,8828729110,36.28695509,-1.9,0
8828729106,8828729105,2.936464831,0,0
8828729109,8828729105,39.71253426,1.7,1.7
8828729109,5240301947,40.32567704,-2.8,0
8828729109,8828729110,4.542514275,-0.2,0
8828729110,8808818567,39.35513527,-2.6,0
8828729110,8828729106,36.28695509,1.9,1.9
8828729110,8828729109,4.542514275,0.2,0.2
9009445415,3803463102,88.35222676,-1.7,0
9009445415,7755269987,52.34043228,-1.7,0
9009445415,9269014796,53.54091528,3,3
9269014613,9269014615,20.37009237,0.3,0.3
9269014613,1302821812,41.05037774,-0.7,0
9269014613,9269014614,19.02719665,0.1,0.1
9269014614,9269014613,19.02719665,-0.1,0
9269014615,1302821901,43.52589314,0.8,0.8
9269014615,9269014613,20.37009237,-0.3,0
9269014615,9269014616,16.50078437,0.4,0.4
9269014616,9269014615,16.50078437,-0.4,0
9269014617,1302822442,52.24063739,0.4,0.4
9269014617,1302821354,51.82832474,0,0
9269014617,9269278099,4.842652362,0,0
9269014618,9269278099,19.3302615,-2.1,0
9269014619,1302822332,26.23042,-1.9,0
9269014619,9269014620,29.17811263,1,1
9269014619,1302821559,32.00745525,2.3,2.3
9269014620,9269014619,29.17811263,-1,0
9269014796,3803463105,6.207918844,-0.3,0
9269014796,3803463104,18.7918072,1.4,1.4
9269014796,9009445415,53.54091528,-3,0
9269014800,9269014802,36.73127627,-2.2,0
9269014802,461630519,85.22242732,-0.7,0
9269014802,2187247054,127.6904339,3.3,3.3
9269014802,9269014800,36.73127627,2.2,2.2
9269014803,1471065425,13.91648737,-0.1,0
9269014804,1471065425,11.59309259,-0.1,0
9269014805,3803463104,19.50380142,-1.3,0
9269014806,3803463104,24.38818041,-0.2,0
9269014806,9269014807,28.91726625,2.5,2.5
9269014806,3803463102,110.8841153,-6.3,0
9269014807,9269014806,28.91726625,-2.5,0
9269014808,9269014809,35.30287145,-0.9,0
9269014809,13076848004,55.77241841,3.6,3.6
9269014809,1302821479,30.85694071,-1.7,0
9269014809,9269014808,35.30287145,0.9,0.9
9269014820,1302821354,50.83046066,-0.7,0
9269014820,13076848002,83.79927114,-1.1,0
9269014820,9269278077,3.9265267,0.1,0.1
9269014822,9269278077,24.09205878,0.4,0.4
9269014823,1302821937,38.16688085,-2.3,0
9269014824,9269014825,32.98635642,-2.8,0
9269014825,1302822844,58.00463025,1.3,1.3
9269014825,1302821937,25.84829835,-0.6,0
9269014825,9269014824,32.98635642,2.8,2.8
9269014825,9269014826,16.92625032,0.3,0.3
9269014826,9269014825,16.92625032,-0.3,0
9269015100,4019720181,12.90340157,-0.1,0
9269072324,1302821431,74.69702737,-1,0
9269072324,13076848007,32.83298597,0.4,0.4
9269072324,9269072326,87.80259801,0.8,0.8
9269072326,1302821431,17.84472789,-1.8,0
9269072326,1303152231,30.43087892,1.3,1.3
9269072326,9269072324,87.80259801,-0.8,0
9269072326,9269072328,163.2227685,-0.2,0
9269072328,1471065529,19.97036736,-1.5,0
9269072328,1302823040,37.74590873,2.6,2.6
9269072328,9269072326,163.2227685,0.2,0.2
9269072329,9269072330,7.315316779,0,0
9269072330,9269072329,7.315316779,0,0
9269072330,9269072331,6.490673236,0,0
9269072330,9269072332,34.89954559,-0.9,0
9269072331,9269072330,6.490673236,0,0
9269072332,1471065529,53.88984861,5.2,5.2
9269072332,9269072330,34.89954559,0.9,0.9
9269072332,1302823140,54.32739629,-3.5,0
9269072672,2598709700,31.17119295,-0.3,0
9269278071,9269278077,99.25870607,3.7,3.7
9269278077,9269014820,3.9265267,-0.1,0
9269278077,9269014822,24.09205878,-0.4,0
9269278077,9269278071,99.25870607,-3.7,0
9269278077,9269278079,83.77854579,-1.5,0
9269278079,13076848002,4.74766357,0.3,0.3
9269278079,9269278077,83.77854579,1.5,1.5
9269278079,13076848004,5.481388174,-0.3,0
9269278081,9269278082,2.617483277,-0.1,0
9269278082,9269278081,2.617483277,0.1,0.1
9269278082,13076848002,4.98515168,-0.2,0
9269278082,9269278089,181.8673978,5.9,5.9
9269278089,9269278082,181.8673978,-5.9,0
9269278094,9269278099,101.7167538,-5.6,0
9269278099,9269014617,4.842652362,0,0
9269278099,9269014618,19.3302615,2.1,2.1
9269278099,9269278094,101.7167538,5.6,5.6
9269278099,9269278101,48.66949234,0.4,0.4
9269278101,9269278099,48.66949234,-0.4,0
9269278113,13076852447,71.25401388,-3,0
9269278311,2598709705,16.1933782,-0.8,0
9269278325,2187247078,10.11132377,0.4,0.4
9269278325,9269278326,14.22199214,0.4,0.4
9269278325,2187247073,20.51482637,-0.8,0
9269278326,9269278325,14.22199214,-0.4,0
9269278327,2187247132,50.30163849,-0.6,0
9269278327,9269278328,20.50073361,0.1,0.1
9269278327,1302821453,121.5234105,4.8,4.8
9269278328,9269278327,20.50073361,-0.1,0
9269278329,1302822001,39.62252404,-0.8,0
9269278329,2187247132,28.47867764,2.8,2.8
9269278329,9269278331,39.41098824,1.5,1.5
9269278331,9269278329,39.41098824,-1.5,0
9269278332,9269423103,22.07350216,-0.5,0
9269278333,1302822001,59.5974963,-1.4,0
9269278333,9269423057,4.470795727,0.1,0.1
9269278333,1302821441,71.81096433,5,5
9269278334,9269423057,25.13253159,-2.3,0
9269278419,1302821294,48.93342167,-0.5,0
9269278419,1302821441,91.37026177,-1.3,0
9269278419,9269422735,3.829323881,0.1,0.1
9269278421,9269422735,48.69997603,-3.8,0
9269278677,1302821747,39.86730963,-1.9,0
9269278677,9269278678,22.73070414,0.2,0.2
9269278677,1302822154,128.9695805,10.2,10.2
9269278678,9269278677,22.73070414,-0.2,0
9269278679,1302821747,31.43959766,1.2,1.2
9269278679,1302822618,37.29877672,-1.1,0
9269278679,9269278680,18.83171683,1.5,1.5
9269278680,9269278679,18.83171683,-1.5,0
9269422085,9269422090,23.5830022,-1.5,0
9269422085,9269422097,16.87923736,-2.1,0
9269422085,9269422104,16.21707227,0.5,0.5
9269422090,9269422096,4.092762465,0.2,0.2
9269422090,9269422085,23.5830022,1.5,1.5
9269422090,9269422097,19.61734323,-0.6,0
9269422091,1302822038,53.0134246,-4.8,0
9269422091,9269422097,8.055037603,0.6,0.6
9269422091,1302821823,10.846807,0.5,0.5
9269422096,9269422090,4.092762465,-0.2,0
9269422097,9269422091,8.055037603,-0.6,0
9269422097,9269422090,19.61734323,0.6,0.6
9269422097,9269422085,16.87923736,2.1,2.1
9269422104,9269422085,16.21707227,-0.5,0
9269422105,1302821823,42.4979114,-2.8,0
9269422105,4020938297,5.892877087,0.2,0.2
9269422105,9269422106,6.775566446,0.1,0.1
9269422106,9269422105,6.775566446,-0.1,0
9269422733,9269422735,88.8836216,1.4,1.4
9269422735,9269278419,3.829323881,-0.1,0
9269422735,9269278421,48.69997603,3.8,3.8
9269422735,9269422733,88.8836216,-1.4,0
9269422735,9269422742,111.8944066,6.5,6.5
9269422742,9269422735,111.8944066,-6.5,0
9269422923,1302821453,36.64946243,-4,0
9269422923,1302821179,104.1919118,1.6,1.6
9269422923,9269422924,37.20516143,1,1
9269422924,9269422923,37.20516143,-1,0
9269423055,9269423057,58.35740487,1.5,1.5
9269423057,9269278333,4.470795727,-0.1,0
9269423057,9269278334,25.13253159,2.3,2.3
9269423057,9269423055,58.35740487,-1.5,0
9269423057,9269423062,66.48088505,4.8,4.8
9269423062,9269423057,66.48088505,-4.8,0
9269423070,13076852448,210.6589326,-1.8,0
9269423084,13076852407,61.82720535,0.7,0.7
9269423100,13076852405,32.97748556,-0.4,0
9269423101,9269423103,69.52710697,-0.7,0
9269423103,1302822872,5.388954124,-0.1,0
9269423103,9269278332,22.07350216,0.5,0.5
9269423103,9269423101,69.52710697,0.7,0.7
9269423103,9269423111,170.5368374,-8.1,0
9269423111,9269423103,170.5368374,8.1,8.1
9269585406,9269585408,28.46582957,0.4,0.4
9269585408,13076848008,4.836892526,0,0
9269585408,9269585406,28.46582957,-0.4,0
9269585408,13076852505,7.24766073,-0.1,0
9269585410,9269585412,28.63530689,0.5,0.5
9269585412,13076848008,3.947726806,-0.1,0
9269585412,9269585410,28.63530689,-0.5,0
9269585412,13076848007,7.343040649,-0.3,0
9269585414,9269585416,34.83128715,2.1,2.1
9269585416,13076848009,4.008777879,-0.1,0
9269585416,9269585414,34.83128715,-2.1,0
9269585416,13076848007,8.205813736,0.2,0.2
9269611221,13076848009,4.989625967,-0.1,0
9269611221,13076852505,7.046674468,0.3,0.3
9269611221,9269611224,61.14868218,-4.9,0
9269611224,9269611221,61.14868218,4.9,4.9
9791175836,908108531,8.775269236,0.1,0.1
9791175836,908108541,55.74252889,-0.4,0
9933290457,2555242414,18.77966715,0.3,0.3
9933290457,10742965966,6.340839875,0,0
9933290457,2555365272,7.011528105,0.1,0.1
9933290458,2555242407,93.69108553,-0.6,0
9933290458,7368660737,37.58321259,0.3,0.3
9933290458,2555365273,5.421191437,0.2,0.2
9983566978,10701779850,20.01099642,-0.4,0
9983566978,3084725044,38.14712756,1.3,1.3
9983566978,6452247884,170.9790251,-6.1,0
9983566987,8796851724,4.994902577,-0.1,0
9983566987,8796851739,22.0390261,-5.2,0
9983566987,8796851743,58.95680536,0,0
9983566999,2268370313,32.93079578,-0.2,0
9983566999,8796851728,30.80159124,0.4,0.4
9983566999,8796851727,34.58497057,-0.5,0
9983573421,2268370369,4.959969001,-0.1,0
9983573421,2268370361,30.41603385,3,3
9983573421,8796848789,36.5585977,3.5,3.5
9983573432,2268359415,10.1502801,-1,0
9983573432,2136811391,15.1803761,2.1,2.1
9983573432,2268363053,169.6907169,10.4,10.4
9983573434,2136811387,6.259532818,-0.2,0
9983573434,2139647408,56.98737197,0.3,0.3
9983573434,2268363053,32.08829547,-0.2,0
9983573435,10937054770,4.437350011,0,0
9983573435,9983573436,94.35468602,7.1,7.1
9983573435,1303244391,24.40210848,-1.2,0
9983573436,9983573435,94.35468602,-7.1,0
9983573438,2268371097,29.83217719,-2.4,0
9983573465,2552572600,139.4619954,-0.1,0
9983573480,6452247878,14.0552307,-0.1,0
9983573480,10730038646,23.04079924,0.1,0.1
9983573480,9983573482,87.36795826,0.3,0.3
9983573482,6452250094,8.115491961,0,0
9983573482,9983573484,61.27632966,-2.7,0
9983573482,9983573480,87.36795826,-0.3,0
9983573484,9983573485,26.52830453,-3,0
9983573484,1303246213,9.209605405,0.4,0.4
9983573484,9983573482,61.27632966,2.7,2.7
9983573485,9983573484,26.52830453,3,3
9983573485,9983573486,19.40675416,0.3,0.3
9983573485,9983573488,149.7097758,-1.7,0
9983573486,9983573485,19.40675416,-0.3,0
9983573486,1303246213,30.95975041,3.1,3.1
9983573486,9983573494,135.4428312,1.2,1.2
9983573488,9983573491,5.258833439,0.1,0.1
9983573488,10721114739,5.07407663,0.1,0.1
9983573488,9983573485,149.7097758,1.7,1.7
9983573491,9983573488,5.258833439,-0.1,0
9983573491,10721114740,8.824204954,0.1,0.1
9983573491,10723431996,172.1729697,-6.4,0
9983573494,9983573486,135.4428312,-1.2,0
9983573496,9983573497,5.317543999,0,0
9983573496,10721114741,8.736231664,0.2,0.2
9983573496,9983573509,102.3942847,-2.2,0
9983573497,9983573496,5.317543999,0,0
9983573497,10721114734,6.253201035,0,0
9983573497,9983573499,83.1965334,0.6,0.6
9983573499,9983573500,3.444975687,0.1,0.1
9983573499,10721114726,4.567279622,0.1,0.1
9983573499,9983573497,83.1965334,-0.6,0
9983573500,9983573499,3.444975687,-0.1,0
9983573500,10721114725,8.132654035,0.1,0.1
9983573500,10721114723,46.85505242,-0.5,0
9983573505,10721114700,3.745832065,0.1,0.1
9983573505,9983573509,41.96945292,-0.4,0
9983573505,10721114723,102.1038755,2,2
9983573509,5466265990,8.718791292,-0.4,0
9983573509,9983573496,102.3942847,2.2,2.2
9983573509,9983573505,41.96945292,0.4,0.4
9983573524,10721102941,4.233441454,0,0
9983573524,10721102974,39.92368932,-0.1,0
9983573524,10721114608,136.2024376,-0.5,0
9983573537,9983573555,4.170608994,0,0
9983573537,8411254516,48.56992419,-0.5,0
9983573537,10721114724,54.9739677,-0.2,0
9983573537,10721114668,83.71570818,-0.2,0
9983573542,9983573555,4.398612453,0,0
9983573542,10721114671,85.02171124,-0.3,0
9983573542,10721114699,55.16112375,-0.1,0
9983573542,2637060769,5.669423625,0.4,0.4
9983573551,9983573552,2.35364366,-0.1,0
9983573551,9983573556,53.3096943,0.6,0.6
9983573551,10721114730,4.814732226,0.1,0.1
9983573552,9983573551,2.35364366,0.1,0.1
9983573552,10721114725,9.440071099,-0.1,0
9983573552,10721114699,46.39538049,-0.7,0
9983573555,10721114667,84.03749431,-0.2,0
9983573555,10721114720,55.00206976,-0.2,0
9983573555,9983573537,4.170608994,0,0
9983573555,9983573542,4.398612453,0,0
9983573556,9983573551,53.3096943,-0.6,0
9983573556,10723483826,12.47721208,-0.2,0
9983573556,2637060775,12.59070263,0.1,0.1
10269783367,10269783368,4.433355094,0.1,0.1
10269783367,10269783372,4.824932032,0.1,0.1
10269783367,8411254506,149.2714527,0.1,0.1
10269783368,739474128,8.619120651,0.1,0.1
10269783368,10721114680,6.658552706,0,0
10269783368,10269783367,4.433355094,-0.1,0
10269783368,10721102997,179.2545987,-0.4,0
10269783370,10269783371,9.123893392,0.1,0.1
10269783370,10721114634,3.482710268,0,0
10269783370,8411254516,78.86139563,-0.1,0
10269783371,2245132927,78.75760094,-0.2,0
10269783371,739474128,8.396410472,0,0
10269783371,10269783372,6.369702702,-0.1,0
10269783371,10269783370,9.123893392,-0.1,0
10269783372,8411254514,27.49203473,0.2,0.2
10269783372,10269783371,6.369702702,0.1,0.1
10269783372,10269783367,4.824932032,-0.1,0
10310178222,10310178223,4.711035932,-0.4,0
10310178223,10310178225,18.18927072,-0.1,0
10310178223,10310178222,4.711035932,0.4,0.4
10310178223,8411254506,8.173603669,0.1,0.1
10310178224,10310178225,4.261089922,-0.5,0
10310178225,10310178223,18.18927072,0.1,0.1
10310178225,10310178224,4.261089922,0.5,0.5
10310178225,10721114618,25.16691,-0.2,0
10310178226,10310178243,2.516847332,-0.1,0
10310178226,10721102996,83.53606839,1.9,1.9
10310178226,10310178229,56.20178149,3.1,3.1
10310178229,10310178226,56.20178149,-3.1,0
10310178243,10310178226,2.516847332,0.1,0.1
10310178243,10310879492,50.12255722,2,2
10310879492,6452362832,22.29906715,0,0
10310879492,10310178243,50.12255722,-2,0
10310879492,2245132743,12.88532076,3,3
10310879492,2245132743,53.46475785,3,3
10544476496,10701779850,3.03347506,-0.2,0
10605937411,7368660732,14.47002221,-0.1,0
10605937411,2575577290,15.70704096,0.2,0.2
10605937411,2592759427,165.2320934,-6.3,0
10624985148,10624985151,17.99785403,0.1,0.1
10624985150,10624985151,31.16712018,-0.1,0
10624985150,10721114682,197.6217624,9.6,9.6
10624985151,10624985148,17.99785403,-0.1,0
10624985151,10624985150,31.16712018,0.1,0.1
10624985151,8411280185,48.01572829,1.1,1.1
10701763039,10701763041,19.85106894,-2.1,0
10701763041,2139637635,35.89837893,0,0
10701763041,2139628835,109.507329,0.6,0.6
10701763041,10701763039,19.85106894,2.1,2.1
10701779847,10701779850,37.27096608,-0.8,0
10701779850,10544476496,3.03347506,0.2,0.2
10701779850,9983566978,20.01099642,0.4,0.4
10701779850,10701779847,37.27096608,0.8,0.8
10709340457,1303245715,47.694039,0.3,0.3
10709340457,10709340459,14.49375912,-0.2,0
10709340459,10709340457,14.49375912,0.2,0.2
10709340459,10709340461,13.90621347,-0.2,0
10709340461,10709340459,13.90621347,0.2,0.2
10709340461,1303245797,46.96246951,-0.4,0
10712492257,8411280161,38.17869105,0,0
10712492262,1617305622,10.30698328,0.2,0.2
10712492262,10712492270,6.15912815,-0.1,0
10712492262,10712492263,14.03611373,0,0
10712492263,1617305664,10.47818717,0.2,0.2
10712492263,10712492262,14.03611373,0,0
10712492263,10712492267,9.485909566,-0.1,0
10712492264,1617305664,10.83503058,0.1,0.1
10712492264,10712492268,8.850397207,-0.1,0
10712492264,10712492280,8.092050505,0,0
10712492265,10712492266,14.04109931,-0.1,0
10712492265,1617305664,12.2395378,-0.4,0
10712492265,10712492280,13.01403371,-0.5,0
10712492265,10723431994,118.8457221,3,3
10712492266,1617305622,12.27669547,-0.3,0
10712492266,10712492265,14.04109931,0.1,0.1
10712492266,10712492269,5.920671426,-0.1,0
10712492266,10723431995,118.7733455,3,3
10712492267,10712492263,9.485909566,0.1,0.1
10712492267,10712492268,2.202205923,0.1,0.1
10712492268,10712492264,8.850397207,0.1,0.1
10712492268,10712492267,2.202205923,-0.1,0
10712492269,10712492266,5.920671426,0.1,0.1
10712492269,10712492270,22.52349492,-0.5,0
10712492269,10723431997,118.7400673,3.1,3.1
10712492270,10712492262,6.15912815,0.1,0.1
10712492270,10712492269,22.52349492,0.5,0.5
10712492273,1617305624,28.42442631,0,0
10712492273,10712492280,41.4113661,0.6,0.6
10712492280,10712492264,8.092050505,0,0
10712492280,10712492273,41.4113661,-0.6,0
10712492280,10712492265,13.01403371,0.5,0.5
10721102909,2245132845,28.84128467,3.9,3.9
10721102909,4070941388,53.49055148,-0.6,0
10721102909,4070941383,43.21271643,0.8,0.8
10721102915,461629494,9.887934681,0,0
10721102915,10721102936,7.289675586,-0.1,0
10721102915,10721102916,11.34814963,0,0
10721102915,10736725967,566.3162013,-3.6,0
10721102916,461629493,9.447122075,0,0
10721102916,10721102915,11.34814963,0,0
10721102916,10721102929,7.504389097,0,0
10721102916,10736725966,568.8923019,-3.5,0
10721102917,461629493,11.87086437,0.2,0.2
10721102917,10721102954,6.879540027,0.1,0.1
10721102917,10721102918,9.888528513,0.1,0.1
10721102917,10721102947,119.3234391,1.1,1.1
10721102918,461630334,12.1486628,0.1,0.1
10721102918,10721102917,9.888528513,-0.1,0
10721102918,10721102981,6.114988093,0,0
10721102918,10721102946,119.1067211,1,1
10721102919,461630334,8.835216486,-0.1,0
10721102919,10721102979,9.428584072,-0.1,0
10721102919,10721102920,12.37991731,0,0
10721102919,1695820899,113.0054848,0.4,0.4
10721102920,461630335,9.114877627,-0.1,0
10721102920,10721102919,12.37991731,0,0
10721102920,10721102924,9.062697055,-0.1,0
10721102921,461630335,10.80074068,0.2,0.2
10721102921,10721102928,6.913435417,0.1,0.1
10721102921,10721102922,8.802322131,0,0
10721102921,916037104,146.3990189,-3.3,0
10721102922,461629494,11.74617329,0.2,0.2
10721102922,10721102921,8.802322131,0,0
10721102922,10721102931,6.847338792,-0.1,0
10721102922,916037148,146.2220239,-3.3,0
10721102924,10721102920,9.062697055,0.1,0.1
10721102924,10721102928,2.54313358,-0.1,0
10721102924,10738873073,191.3204405,-1.3,0
10721102926,10721102928,4.787361947,0.1,0.1
10721102928,10721102921,6.913435417,-0.1,0
10721102928,10721102924,2.54313358,0.1,0.1
10721102928,10721102926,4.787361947,-0.1,0
10721102929,10721102916,7.504389097,0,0
10721102929,7099852074,211.1981936,-6.7,0
10721102929,10721102954,5.326438668,-0.1,0
10721102930,10721102931,1.530079103,0,0
10721102931,10721102922,6.847338792,0.1,0.1
10721102931,10721102930,1.530079103,0,0
10721102931,10721102936,5.869365892,0.2,0.2
10721102936,10721102915,7.289675586,0.1,0.1
10721102936,10721102931,5.869365892,-0.2,0
10721102936,7099852077,193.4757156,-5.8,0
10721102941,1695820964,9.919113355,0.1,0.1
10721102941,10721114642,4.347256044,0,0
10721102941,9983573524,4.233441454,0,0
10721102941,10721102999,128.684756,-0.5,0
10721102942,739474126,7.464233456,0,0
10721102942,1728170005,23.81779723,0.9,0.9
10721102942,10721102960,4.29596181,0,0
10721102942,4070941395,3.816197441,0,0
10721102943,739474126,10.4534576,-0.2,0
10721102943,10721102962,5.051539641,-0.1,0
10721102943,10721102944,8.968941972,0,0
10721102943,10721114729,142.2907488,0.9,0.9
10721102944,739474127,10.60267192,-0.2,0
10721102944,10721102943,8.968941972,0,0
10721102944,10721102964,5.738952616,-0.1,0
10721102944,10721114730,141.0147628,0.9,0.9
10721102945,1695820964,42.9679848,0.2,0.2
10721102945,739474127,8.407523127,0.1,0.1
10721102945,10721102974,9.150318649,0,0
10721102945,10721102967,8.283457778,0.1,0.1
10721102946,739474127,10.66265028,0.1,0.1
10721102946,10721102975,6.070982758,0,0
10721102946,10721102947,8.729290353,0,0
10721102946,10721102918,119.1067211,-1,0
10721102947,739474126,10.45305675,0.1,0.1
10721102947,10721102946,8.729290353,0,0
10721102947,10721102948,5.737695832,0.2,0.2
10721102947,10721102917,119.3234391,-1.1,0
10721102948,10721102947,5.737695832,-0.2,0
10721102948,10721102954,119.5624096,-1.2,0
10721102948,10721102960,6.758075649,-0.1,0
10721102954,10721102917,6.879540027,-0.1,0
10721102954,10721102929,5.326438668,0.1,0.1
10721102954,10721102948,119.5624096,1.2,1.2
10721102960,10721102942,4.29596181,0,0
10721102960,10721102961,23.83278731,0.9,0.9
10721102960,10721102948,6.758075649,0.1,0.1
10721102961,1728170005,4.521806581,0,0
10721102961,10721102960,23.83278731,-0.9,0
10721102961,1728170001,158.0491179,1.2,1.2
10721102962,10721102943,5.051539641,0.1,0.1
10721102962,4070941395,6.975106742,-0.1,0
10721102962,2639302705,62.87779155,1,1
10721102964,10721102944,5.738952616,0.1,0.1
10721102964,10723483826,75.61921897,1.3,1.3
10721102964,10721102967,3.824783099,-0.1,0
10721102967,10721102945,8.283457778,-0.1,0
10721102967,10721102964,3.824783099,0.1,0.1
10721102967,10721114671,38.76510076,0,0
10721102974,10721102945,9.150318649,0,0
10721102974,10721102975,2.809125714,0,0
10721102974,9983573524,39.92368932,0.1,0.1
10721102975,10721102946,6.070982758,0,0
10721102975,10721102981,119.5619594,-1,0
10721102975,10721102974,2.809125714,0,0
10721102979,10721102919,9.428584072,0.1,0.1
10721102979,10721102984,100.8396913,0.4,0.4
10721102979,10721102981,4.131621326,-0.1,0
10721102981,10721102918,6.114988093,0,0
10721102981,10721102979,4.131621326,0.1,0.1
10721102981,10721102975,119.5619594,1,1
10721102983,10721102998,38.83594361,0.2,0.2
10721102983,1695820899,9.239831965,0.2,0.2
10721102983,10721102984,12.14903724,0.1,0.1
10721102983,10721102996,10.21993697,-0.1,0
10721102984,10721102983,12.14903724,-0.1,0
10721102984,10721103004,40.27071633,0,0
10721102984,10721102979,100.8396913,-0.4,0
10721102996,10721102983,10.21993697,0.1,0.1
10721102996,10721103003,39.69298,0.3,0.3
10721102996,10310178226,83.53606839,-1.9,0
10721102997,1695820921,9.248716331,0,0
10721102997,10721103002,5.864337217,0,0
10721102997,10721114618,7.057628922,0,0
10721102997,10269783368,179.2545987,0.4,0.4
10721102998,1695820921,9.301626823,0,0
10721102998,10721102983,38.83594361,-0.2,0
10721102998,10721103003,7.477731469,0,0
10721102998,10721103004,7.833318828,-0.1,0
10721102999,1695820921,9.896986584,0,0
10721102999,10721114608,4.396871343,0,0
10721102999,10721114606,5.256133332,0,0
10721102999,10721102941,128.684756,0.5,0.5
10721103000,10721114630,66.69178315,0.3,0.3
10721103000,1695820921,8.35046608,-0.1,0
10721103000,10721114654,7.992534496,-0.1,0
10721103000,10721114614,7.688973133,-0.1,0
10721103002,10721102997,5.864337217,0,0
10721103002,10721114680,164.4101183,0.4,0.4
10721103002,10721114614,3.273732543,0,0
10721103003,10721102998,7.477731469,0,0
10721103003,10721114618,2.544039499,0,0
10721103003,10721102996,39.69298,-0.3,0
10721103004,10721102998,7.833318828,0.1,0.1
10721103004,10721114608,6.027024466,0.1,0.1
10721103004,10721102984,40.27071633,0,0
10721114606,10721102999,5.256133332,0,0
10721114606,10721114642,122.6093812,0.5,0.5
10721114606,10721114654,3.456376689,0,0
10721114608,10721102999,4.396871343,0,0
10721114608,9983573524,136.2024376,0.5,0.5
10721114608,10721103004,6.027024466,-0.1,0
10721114614,10721103000,7.688973133,0.1,0.1
10721114614,10721103002,3.273732543,0,0
10721114614,10721114633,66.76215617,0.3,0.3
10721114618,10721102997,7.057628922,0,0
10721114618,10310178225,25.16691,0.2,0.2
10721114618,10721103003,2.544039499,0,0
10721114630,739474128,10.30817339,0.1,0.1
10721114630,10721103000,66.69178315,-0.3,0
10721114630,10721114633,5.944330912,-0.1,0
10721114630,10721114657,8.489417548,0,0
10721114631,739474128,10.3537321,0.2,0.2
10721114631,1695820964,52.31112962,0.3,0.3
10721114631,10721114660,8.562014328,0.1,0.1
10721114631,10721114634,6.860125875,0.1,0.1
10721114633,10721114630,5.944330912,0.1,0.1
10721114633,10721114614,66.76215617,-0.3,0
10721114633,10721114680,3.181308584,0.1,0.1
10721114634,10721114631,6.860125875,-0.1,0
10721114634,10721114668,47.28763549,0.2,0.2
10721114634,10269783370,3.482710268,0,0
10721114642,10721102941,4.347256044,0,0
10721114642,10721114660,48.8410472,-0.1,0
10721114642,10721114606,122.6093812,-0.5,0
10721114654,10721103000,7.992534496,0.1,0.1
10721114654,10721114606,3.456376689,0,0
10721114654,10721114657,66.70868295,0.4,0.4
10721114657,10721114630,8.489417548,0,0
10721114657,10721114654,66.70868295,-0.4,0
10721114657,10721114660,3.04198501,0,0
10721114660,10721114631,8.562014328,-0.1,0
10721114660,10721114657,3.04198501,0,0
10721114660,10721114642,48.8410472,0.1,0.1
10721114667,1695820964,9.218343488,0,0
10721114667,9983573555,84.03749431,0.2,0.2
10721114667,10721114668,4.471514559,0,0
10721114667,10721114671,5.439709428,-0.1,0
10721114668,10721114667,4.471514559,0,0
10721114668,9983573537,83.71570818,0.2,0.2
10721114668,10721114634,47.28763549,-0.2,0
10721114671,10721114667,5.439709428,0.1,0.1
10721114671,10721102967,38.76510076,0,0
10721114671,9983573542,85.02171124,0.3,0.3
10721114680,10269783368,6.658552706,0,0
10721114680,10721114633,3.181308584,-0.1,0
10721114680,10721103002,164.4101183,-0.4,0
10721114682,8411280119,15.02891802,-0.1,0
10721114682,8411254514,51.22103406,0.3,0.3
10721114682,10624985150,197.6217624,-9.6,0
10721114682,2245132927,6.387651681,0,0
10721114683,1695820882,45.19575728,-1,0
10721114683,1695820916,7.156862445,0,0
10721114683,10721114692,7.408683091,-0.1,0
10721114683,10721114717,6.695149802,-0.1,0
10721114684,1695820916,11.19646363,-0.1,0
10721114684,2639302696,18.75615362,0,0
10721114684,10721114688,7.257007558,-0.1,0
10721114684,10721114691,9.49615552,-0.1,0
10721114685,1695820920,50.79643256,0.8,0.8
10721114685,1695820916,9.377263398,0,0
10721114685,10721114691,10.63386222,0,0
10721114685,10721114718,6.213661616,-0.1,0
10721114688,10721114692,18.65728695,-0.1,0
10721114688,8411280120,18.35131203,0.1,0.1
10721114688,10721114684,7.257007558,0.1,0.1
10721114691,10721114684,9.49615552,0.1,0.1
10721114691,10721114685,10.63386222,0,0
10721114691,8411254516,53.96077673,0.4,0.4
10721114691,10721114724,48.48870014,0.7,0.7
10721114692,10721114688,18.65728695,0.1,0.1
10721114692,10721114683,7.408683091,0.1,0.1
10721114692,10721114694,90.53287328,-2.5,0
10721114694,5466265990,10.893061,0.6,0.6
10721114694,10723483823,43.71142589,-2.5,0
10721114694,10721114692,90.53287328,2.5,2.5
10721114699,10721114720,6.647433771,-0.1,0
10721114699,9983573542,55.16112375,0.1,0.1
10721114699,9983573552,46.39538049,0.7,0.7
10721114700,1695820882,7.188998919,0.1,0.1
10721114700,10721114713,5.727714825,0.2,0.2
10721114700,9983573505,3.745832065,-0.1,0
10721114700,10721114719,93.5442054,1.8,1.8
10721114713,10721114700,5.727714825,-0.2,0
10721114713,10721114722,87.9556711,1.5,1.5
10721114713,10721114717,40.56924728,0.8,0.8
10721114717,10721114683,6.695149802,0.1,0.1
10721114717,10721114713,40.56924728,-0.8,0
10721114717,10721114718,3.102707221,0,0
10721114718,10721114685,6.213661616,0.1,0.1
10721114718,10721114717,3.102707221,0,0
10721114718,10721114722,46.92511278,0.7,0.7
10721114719,1695820920,8.895418015,0.1,0.1
10721114719,10721114722,3.988828993,-0.1,0
10721114719,10721114723,6.336379983,0.1,0.1
10721114719,10721114700,93.5442054,-1.8,0
10721114720,9983573555,55.00206976,0.2,0.2
10721114720,1695820920,8.790610542,0.1,0.1
10721114720,10721114699,6.647433771,0.1,0.1
10721114720,10721114724,3.211356919,0,0
10721114722,10721114719,3.988828993,0.1,0.1
10721114722,10721114718,46.92511278,-0.7,0
10721114722,10721114713,87.9556711,-1.5,0
10721114723,10721114719,6.336379983,-0.1,0
10721114723,9983573505,102.1038755,-2,0
10721114723,9983573500,46.85505242,0.5,0.5
10721114724,10721114720,3.211356919,0,0
10721114724,10721114691,48.48870014,-0.7,0
10721114724,9983573537,54.9739677,0.2,0.2
10721114725,1704577737,6.252670198,0.1,0.1
10721114725,1695820920,52.87835494,-0.6,0
10721114725,9983573500,8.132654035,-0.1,0
10721114725,9983573552,9.440071099,0.1,0.1
10721114726,1704577737,10.56094651,0.2,0.2
10721114726,10721114727,9.316363706,0.1,0.1
10721114726,9983573499,4.567279622,-0.1,0
10721114726,10721114734,83.80684487,-0.7,0
10721114727,1704577717,10.42156603,0.1,0.1
10721114727,10721114732,5.160689303,0.1,0.1
10721114727,10721114726,9.316363706,-0.1,0
10721114727,10721114735,84.82852587,-0.8,0
10721114728,1704577695,24.95961507,0.1,0.1
10721114728,1704577717,6.933931133,0,0
10721114728,4070941388,3.714991147,0,0
10721114728,10721114733,4.373553962,-0.1,0
10721114729,1704577717,10.17463779,-0.2,0
10721114729,10721114730,8.926282506,0,0
10721114729,10721114731,4.753171415,0,0
10721114729,10721102943,142.2907488,-0.9,0
10721114730,1704577737,10.65565482,-0.2,0
10721114730,9983573551,4.814732226,-0.1,0
10721114730,10721114729,8.926282506,0,0
10721114730,10721102944,141.0147628,-0.9,0
10721114731,10721114729,4.753171415,0,0
10721114731,2639302705,81.04826458,0,0
10721114731,4070941388,7.08986598,-0.2,0
10721114732,10721114727,5.160689303,-0.1,0
10721114732,10721114733,6.331272847,-0.1,0
10721114732,4070941377,85.3472941,-1,0
10721114733,10721114728,4.373553962,0.1,0.1
10721114733,4070941382,94.42377446,2.1,2.1
10721114733,10721114732,6.331272847,0.1,0.1
10721114734,461630329,11.87879027,0.2,0.2
10721114734,9983573497,6.253201035,0,0
10721114734,10721114735,9.57246376,0,0
10721114734,10721114726,83.80684487,0.7,0.7
10721114735,461629490,11.36169978,0.2,0.2
10721114735,10721114734,9.57246376,0,0
10721114735,4070941377,4.873932283,-0.1,0
10721114735,10721114727,84.82852587,0.8,0.8
10721114736,461629490,9.773572542,0,0
10721114736,4070941376,4.797405769,-0.1,0
10721114736,10721114737,11.80699177,0,0
10721114736,7369033993,575.9251174,-3.8,0
10721114737,461629489,10.0080672,0,0
10721114737,10721114736,11.80699177,0,0
10721114737,4070941346,5.283439698,-0.1,0
10721114737,7369033994,573.6847331,-3.7,0
10721114738,461629489,11.46723456,0.2,0.2
10721114738,4070941347,5.924964798,0.1,0.1
10721114738,10721114739,9.211449648,0.1,0.1
10721114738,1704577721,142.916414,1.5,1.5
10721114739,461630327,11.72757422,0.1,0.1
10721114739,10721114738,9.211449648,-0.1,0
10721114739,9983573488,5.07407663,-0.1,0
10721114739,1303244396,310.0115671,3.1,3.1
10721114740,461630327,9.119298247,0,0
10721114740,9983573491,8.824204954,-0.1,0
10721114740,10721114741,12.35234638,0,0
10721114740,6452247805,172.2327557,-6.6,0
10721114741,461630329,9.728729268,0,0
10721114741,10721114740,12.35234638,0,0
10721114741,9983573496,8.736231664,-0.2,0
10721114741,739474124,110.6409069,-2.7,0
10723431992,1617305673,11.61707939,-0.2,0
10723431992,739474124,155.4124722,7.2,7.2
10723431992,10723483821,10.17592115,-0.2,0
10723431992,10723431993,13.48275542,0,0
10723431993,6452247805,94.34321221,3.3,3.3
10723431993,1617305650,14.76575234,-0.4,0
10723431993,10723431992,13.48275542,0,0
10723431993,10723431998,6.596752852,0,0
10723431994,1617305629,7.454243747,0.2,0.2
10723431994,10723483812,9.503625445,-0.2,0
10723431994,10723431995,13.61451922,-0.1,0
10723431994,10712492265,118.8457221,-3,0
10723431995,1617305650,12.21830708,0.3,0.3
10723431995,10723431994,13.61451922,0.1,0.1
10723431995,10723431997,6.558006722,0,0
10723431995,10712492266,118.7733455,-3,0
10723431996,6452247805,5.461872756,-0.1,0
10723431996,6452247854,225.2098097,5.8,5.8
10723431996,10723431998,94.72478552,-3.4,0
10723431996,9983573491,172.1729697,6.4,6.4
10723431997,10723431998,26.93292395,0.7,0.7
10723431997,10723431995,6.558006722,0,0
10723431997,10712492269,118.7400673,-3.1,0
10723431998,10723431997,26.93292395,-0.7,0
10723431998,10723431993,6.596752852,0,0
10723431998,10723431996,94.72478552,3.4,3.4
10723432000,8411280161,86.59431968,-0.1,0
10723432000,10723483818,126.585004,-0.8,0
10723432000,8411280186,33.22440894,0.3,0.3
10723432004,1617305629,13.31572762,0.3,0.3
10723432004,10723483805,7.994982555,0.2,0.2
10723432004,10723483816,3.813963989,-0.1,0
10723432004,1617305649,50.20040908,0.9,0.9
10723483805,1695752551,39.72456253,0.7,0.7
10723483805,1617305673,13.47470572,0.3,0.3
10723483805,10723483806,11.77123889,0.3,0.3
10723483805,10723432004,7.994982555,-0.2,0
10723483806,10723483821,3.326751981,0,0
10723483806,10723483805,11.77123889,-0.3,0
10723483806,10723483818,3.837955249,0,0
10723483810,10723483812,2.613671477,-0.1,0
10723483812,10723431994,9.503625445,0.2,0.2
10723483812,10723483810,2.613671477,0.1,0.1
10723483812,10723483816,5.231276021,0,0
10723483816,10723432004,3.813963989,0.1,0.1
10723483816,10723483812,5.231276021,0,0
10723483816,8411280161,171.8391764,1.3,1.3
10723483817,10723483825,6.167700809,-0.2,0
10723483817,10723483818,10.35862392,-0.9,0
10723483817,2637060755,47.78886647,0.1,0.1
10723483818,10723483817,10.35862392,0.9,0.9
10723483818,10723432000,126.585004,0.8,0.8
10723483818,10723483806,3.837955249,0,0
10723483821,10723483806,3.326751981,0,0
10723483821,10723431992,10.17592115,0.2,0.2
10723483821,10723483825,13.85426935,0.7,0.7
10723483823,10723483825,90.43943564,-3.5,0
10723483823,8411280138,70.52654093,-2.8,0
10723483823,10721114694,43.71142589,2.5,2.5
10723483825,10723483823,90.43943564,3.5,3.5
10723483825,10723483817,6.167700809,0.2,0.2
10723483825,10723483821,13.85426935,-0.7,0
10723483826,9983573556,12.47721208,0.2,0.2
10723483826,10721102964,75.61921897,-1.3,0
10723483826,2639302703,108.2505219,0.3,0.3
10723483833,2552572610,89.33466897,-5.6,0
10723483833,2245132845,15.32882171,1.3,1.3
10723483833,2639302720,19.1647766,-0.2,0
10730038646,9983573480,23.04079924,-0.1,0
10730038646,6452250094,57.20894502,0.2,0.2
10730038646,10730038664,58.53706077,0.4,0.4
10730038655,1303245317,12.76393813,-0.1,0
10730038655,1303243668,99.06022548,-0.5,0
10730038655,10730038662,27.421671,0.4,0.4
10730038659,10730038660,7.156964947,0,0
10730038659,10730038661,9.843001793,0,0
10730038659,10730038664,20.49111111,0.1,0.1
10730038659,10730038662,20.57640076,-0.1,0
10730038660,10730038659,7.156964947,0,0
10730038661,10730038659,9.843001793,0,0
10730038661,10730038662,15.50418779,-0.1,0
10730038661,10730038664,30.56155475,0.1,0.1
10730038662,10730038661,15.50418779,0.1,0.1
10730038662,10730038659,20.57640076,0.1,0.1
10730038662,10730038655,27.421671,-0.4,0
10730038664,10730038659,20.49111111,-0.1,0
10730038664,10730038646,58.53706077,-0.4,0
10730038664,10730038661,30.56155475,-0.1,0
10732732932,10732732933,40.7813293,-1.3,0
10732732933,1484203377,27.63396838,1.4,1.4
10732732933,3926735719,53.30706258,-1.9,0
10732732933,10732732932,40.7813293,1.3,1.3
10732733201,10732733202,30.65213117,0.3,0.3
10732733202,1484203279,12.77054564,0.4,0.4
10732733202,10732733201,30.65213117,-0.3,0
10732733202,730906859,88.75589301,-0.4,0
10732733560,10732733561,11.31947661,-0.1,0
10732733561,10732733560,11.31947661,0.1,0.1
10732733561,10732733562,6.731543572,0,0
10732733561,10732733563,14.78379006,-0.3,0
10732733562,10732733561,6.731543572,0,0
10732733563,2139630239,63.18181745,-2.3,0
10732733563,10732733561,14.78379006,0.3,0.3
10732733563,2268334585,40.74404276,7.3,7.3
10732935708,2616953991,7.678041847,0.1,0.1
10732935708,1303246079,59.1087235,-0.4,0
10732935708,10732935709,37.25842178,1.4,1.4
10732935709,1704650317,87.10561867,3.7,3.7
10732935709,1303246046,58.95011279,-1.1,0
10732935709,10732935708,37.25842178,-1.4,0
10734835058,10734835060,30.26323227,-0.1,0
10734835060,2039371183,64.47536557,3.2,3.2
10734835060,10734835058,30.26323227,0.1,0.1
10734835071,10734835072,12.35438145,-0.5,0
10734835071,10734835071,66.37241293,0,0
10734835071,10734835071,66.37241293,0,0
10734835072,10734835071,12.35438145,0.5,0.5
10734835072,2039372133,37.2049104,1.5,1.5
10734888802,2616953991,24.15908573,-0.2,0
10735004290,7368660750,4.651265806,0.1,0.1
10735004290,7368660647,36.67850272,1.4,1.4
10735004290,4070953801,35.63277373,-0.4,0
10735004295,461629163,7.41947247,-0.3,0
10735004295,7368660598,3.496370053,0.1,0.1
10735004295,7368660596,76.11443462,-2.5,0
10735177983,10736137373,28.37137106,-1.7,0
10736137350,10736137415,35.62560832,1.3,1.3
10736137350,6394962487,65.68657669,-2.3,0
10736137350,10736137353,25.39919628,-3.8,0
10736137353,10736137373,10.74042869,0.3,0.3
10736137353,10736137350,25.39919628,3.8,3.8
10736137353,10736137355,28.97334036,-1.2,0
10736137355,1303244406,50.98999591,0.3,0.3
10736137355,10736137353,28.97334036,1.2,1.2
10736137373,10736137353,10.74042869,-0.3,0
10736137373,10735177983,28.37137106,1.7,1.7
10736137415,10736137350,35.62560832,-1.3,0
10736725797,10736725949,142.280333,2.2,2.2
10736725797,10736725806,3.128577013,0,0
10736725806,10736725807,6.841374347,-0.1,0
10736725806,10736725797,3.128577013,0,0
10736725806,4070941292,298.4173791,2,2
10736725807,10736725806,6.841374347,0.1,0.1
10736725807,7369033920,400.6174808,3.1,3.1
10736725827,2187246433,11.69292932,-0.2,0
10736725827,2187246474,25.97841897,1.1,1.1
10736725827,10736725828,32.17620585,1.1,1.1
10736725828,1303151694,4.84972979,0,0
10736725828,2187246474,4.614635089,0,0
10736725828,6394961579,48.11014214,2.5,2.5
10736725828,10736725827,32.17620585,-1.1,0
10736725900,1303151281,5.042328334,0,0
10736725900,3803654352,15.75350666,-0.1,0
10736725900,10751780993,6.187565102,0,0
10736725900,10751780995,2.571687156,0.1,0.1
10736725915,4070941295,24.41458495,0,0
10736725915,10736725916,33.05587598,-5.8,0
10736725915,10736725922,34.77899994,-0.3,0
10736725916,4070941292,2.966776223,-0.1,0
10736725916,10736725915,33.05587598,5.8,5.8
10736725916,3731572078,47.07549431,4.6,4.6
10736725922,4070941289,10.79408565,-2.9,0
10736725922,1303152201,33.10200085,-0.5,0
10736725922,10736725915,34.77899994,0.3,0.3
10736725925,4070941032,20.84954906,0.2,0.2
10736725925,4070941289,18.33610259,2.7,2.7
10736725927,10736725946,5.013803335,0,0
10736725927,10736725953,6.487804222,0,0
10736725933,10736725944,9.848558175,-0.3,0
10736725933,10736725967,6.780767314,-0.1,0
10736725933,7099852077,371.9602882,-2.4,0
10736725944,2261866971,22.02979129,0.4,0.4
10736725944,1303244683,7.146408295,0,0
10736725944,10736725933,9.848558175,0.3,0.3
10736725944,10736725961,10.58624414,-0.1,0
10736725945,10736725946,7.307072026,-0.3,0
10736725945,10736725955,6.402737077,0,0
10736725945,10736725980,103.8330415,2.7,2.7
10736725946,2261867046,25.55341738,0.5,0.5
10736725946,2261867052,6.467816467,0.1,0.1
10736725946,10736725945,7.307072026,0.3,0.3
10736725946,10736725927,5.013803335,0,0
10736725949,10736725951,5.617181049,0.2,0.2
10736725949,10736725952,7.584674126,0.1,0.1
10736725949,10736725797,142.280333,-2.2,0
10736725950,10736725951,6.806785545,-0.1,0
10736725950,10736725954,7.133434366,0.1,0.1
10736725950,10736725987,99.94056929,2.7,2.7
10736725951,1303243656,7.397425649,0,0
10736725951,1303243904,26.86661579,0.3,0.3
10736725951,10736725950,6.806785545,0.1,0.1
10736725951,10736725949,5.617181049,-0.2,0
10736725952,1303243656,5.315458487,0.1,0.1
10736725952,10736725953,7.479585035,0,0
10736725952,10736725949,7.584674126,-0.1,0
10736725953,2261867052,4.995679053,0.1,0.1
10736725953,10736725927,6.487804222,0,0
10736725953,10736725952,7.479585035,0,0
10736725954,1303243656,7.059826442,-0.2,0
10736725954,10736725950,7.133434366,-0.1,0
10736725954,10736725955,7.203512511,0,0
10736725954,10736725962,173.0187871,4.3,4.3
10736725955,2261867052,7.338727498,-0.2,0
10736725955,10736725954,7.203512511,0,0
10736725955,10736725945,6.402737077,0,0
10736725955,10736725963,172.304382,4.2,4.2
10736725960,10736725962,7.389322622,0,0
10736725960,10736725965,8.642400856,0.2,0.2
10736725960,10736725991,51.79338965,-1.2,0
10736725961,10736725963,6.314270861,-0.2,0
10736725961,10736725944,10.58624414,0.1,0.1
10736725961,10736725983,59.17052444,-1.5,0
10736725962,2261866984,9.264835809,0.3,0.3
10736725962,10736725960,7.389322622,0,0
10736725962,10736725963,7.424370325,-0.1,0
10736725962,10736725954,173.0187871,-4.3,0
10736725963,1303244683,9.764836592,0.3,0.3
10736725963,10736725962,7.424370325,0.1,0.1
10736725963,10736725961,6.314270861,0.2,0.2
10736725963,10736725955,172.304382,-4.2,0
10736725964,10736725965,8.711170842,-0.1,0
10736725964,10736725966,6.828110954,0.2,0.2
10736725964,2261866866,205.1142267,-4.7,0
10736725965,2261866984,6.904094163,0.1,0.1
10736725965,10736725964,8.711170842,0.1,0.1
10736725965,10736725960,8.642400856,-0.2,0
10736725965,1303246491,28.32575471,0.2,0.2
10736725966,2261866984,9.234397754,-0.2,0
10736725966,10736725964,6.828110954,-0.2,0
10736725966,10736725967,7.83016578,-0.1,0
10736725966,10721102916,568.8923019,3.5,3.5
10736725967,1303244683,9.997620834,-0.2,0
10736725967,10736725966,7.83016578,0.1,0.1
10736725967,10736725933,6.780767314,0.1,0.1
10736725967,10721102915,566.3162013,3.6,3.6
10736725977,7099852014,58.79101608,-4.6,0
10736725977,7099852074,129.4393139,2.4,2.4
10736725977,2261866866,25.95442622,0.7,0.7
10736725978,2261867020,17.41032471,-0.1,0
10736725978,10736725985,34.03630539,-1,0
10736725978,10736725980,22.30622449,-5.2,0
10736725980,10736725983,8.829879909,0.2,0.2
10736725980,10736725945,103.8330415,-2.7,0
10736725980,10736725978,22.30622449,5.2,5.2
10736725983,10736725980,8.829879909,-0.2,0
10736725983,10736725961,59.17052444,1.5,1.5
10736725983,2261867020,42.26192512,4.9,4.9
10736725985,10736725993,18.70565795,-0.9,0
10736725985,10736725986,7.908466985,-1.8,0
10736725985,10736725978,34.03630539,1,1
10736725986,10736725987,9.518688453,-2.5,0
10736725986,10736725985,7.908466985,1.8,1.8
10736725986,10736725992,2.168276028,-0.3,0
10736725987,10736725986,9.518688453,2.5,2.5
10736725987,10736725991,22.33165816,0.5,0.5
10736725987,10736725950,99.94056929,-2.7,0
10736725988,10736725993,3.988168737,-0.1,0
10736725988,10736725995,43.38217686,1.6,1.6
10736725988,10736725992,23.51790262,-1.3,0
10736725991,10736725960,51.79338965,1.2,1.2
10736725991,10736725987,22.33165816,-0.5,0
10736725991,10736725992,33.10326864,1.7,1.7
10736725992,10736725986,2.168276028,0.3,0.3
10736725992,10736725991,33.10326864,-1.7,0
10736725992,10736725988,23.51790262,1.3,1.3
10736725993,10736725985,18.70565795,0.9,0.9
10736725993,10736725988,3.988168737,0.1,0.1
10736725993,1303246207,23.50776688,-1.9,0
10736725995,1303245745,4.065579342,0,0
10736725995,1303245475,4.046024678,0,0
10736725995,10736725988,43.38217686,-1.6,0
10736725995,1303243302,44.35849102,2,2
10736725999,4070941321,15.17407054,-0.7,0
10736725999,1303243326,5.825414367,-0.2,0
10736725999,1303246251,23.92208225,-0.1,0
10736725999,10803910262,47.73907045,-1.3,0
10737082091,10737082094,31.98005763,-2.5,0
10737082094,2626054985,42.48028804,1,1
10737082094,1484203694,42.07759996,-1.3,0
10737082094,10737082091,31.98005763,2.5,2.5
10737093414,1484203567,18.10799461,-0.2,0
10737093414,1484203637,149.4064508,3,3
10737093414,10737093418,50.84464921,7.8,7.8
10737093418,2626054985,139.9846285,4.1,4.1
10737093418,1484203638,111.5154047,-1.7,0
10737093418,10737093414,50.84464921,-7.8,0
10738679163,1303244406,21.50671913,-0.2,0
10738679163,4070941298,29.37142302,1.5,1.5
10738679163,1303244135,92.97004297,0.5,0.5
10738679204,4070880062,19.93931785,0.2,0.2
10738679204,4070880048,128.7679253,0.9,0.9
10738679204,10738681907,38.73957381,2.9,2.9
10738681907,4070880062,15.15097595,-2.7,0
10738681907,1767739953,30.72654632,2.7,2.7
10738681907,10738679204,38.73957381,-2.9,0
10738681910,1767739967,6.5650585,0,0
10738681910,1767739951,4.785807137,-0.1,0
10738681910,7368658440,54.29249752,-2.5,0
10738681910,10738681912,52.71879201,2.7,2.7
10738681912,1767473930,3.095266376,-0.1,0
10738681912,1767473936,3.414586235,-0.1,0
10738681912,10738681913,41.94521283,0.4,0.4
10738681912,10738681910,52.71879201,-2.7,0
10738681913,2588145184,4.128095782,0.2,0.2
10738681913,10738681912,41.94521283,-0.4,0
10738681913,7368660692,95.848802,-1.6,0
10738681913,6957360464,4.907151604,-0.1,0
10738873073,10738873083,44.66895076,-1.2,0
10738873073,10721102924,191.3204405,1.3,1.3
10738873073,10738873075,31.27538894,1.5,1.5
10738873075,10738873076,2.17625889,0,0
10738873075,10738873073,31.27538894,-1.5,0
10738873075,10738873083,16.46475911,-2.7,0
10738873076,10738873075,2.17625889,0,0
10738873076,10738873081,13.28368917,2.9,2.9
10738873076,10738873080,51.74145797,1.8,1.8
10738873080,1728169954,4.081715794,0.1,0.1
10738873080,1728169962,28.5127929,1.4,1.4
10738873080,10738873076,51.74145797,-1.8,0
10738873081,2245132743,44.53602283,0.1,0.1
10738873081,1728169954,17.62784555,-1,0
10738873081,10738873076,13.28368917,-2.9,0
10738873083,10738873073,44.66895076,1.2,1.2
10738873083,10738873075,16.46475911,2.7,2.7
10739295319,10739295320,2.872722322,0.1,0.1
10739295319,7368660708,51.86391801,0.5,0.5
10739295319,1484203701,4.698825417,0.1,0.1
10739295320,10739295319,2.872722322,-0.1,0
10739295320,2626054988,20.41430334,-5.8,0
10739295320,2626054988,78.90162991,-5.8,0
10742881913,6449408251,13.02771499,-0.3,0
10742881913,10742881914,80.595606,-0.2,0
10742881913,10742881922,134.5340636,-0.7,0
10742881914,6449408242,15.25942694,0,0
10742881914,10742881913,80.595606,0.2,0.2
10742881914,6449408236,6.011827463,-0.1,0
10742881915,6449408242,13.22743924,0,0
10742881915,6449408236,7.426793473,-0.1,0
10742881915,7368660708,112.1478407,0.5,0.5
10742881922,7368660709,4.003819311,0.1,0.1
10742881922,10742881913,134.5340636,0.7,0.7
10742881922,7368660717,30.30000952,-0.2,0
10742881923,7368660709,4.349279984,0,0
10742881923,10742881924,33.95594572,0.2,0.2
10742881923,10742881924,187.4883171,0.2,0.2
10742881924,7368658483,4.730500723,0.1,0.1
10742881924,10742881923,187.4883171,-0.2,0
10742881924,10742881923,33.95594572,-0.2,0
10742965966,7368660737,10.21797205,0.2,0.2
10742965966,10742965969,92.04652435,0.7,0.7
10742965966,9933290457,6.340839875,0,0
10742965969,10742965966,92.04652435,-0.7,0
10742965969,7368660734,7.128326685,0.1,0.1
10742965969,2575577290,53.15781237,-0.9,0
10742965994,1303246046,25.4540212,0.1,0.1
10742965994,6452310936,131.3178452,1.3,1.3
10742965994,10742965997,69.27458714,-0.8,0
10742965997,6449418991,53.02398196,-1.3,0
10742965997,6449418995,78.14809439,-0.5,0
10742965997,10742965994,69.27458714,0.8,0.8
10750646697,10750646698,5.022047495,-0.2,0
10750646697,10750646699,22.86592032,0.5,0.5
10750646697,7368660658,84.85155918,2.7,2.7
10750646697,7368660650,107.5651104,-4.4,0
10750646698,1303244983,10.29806446,-0.5,0
10750646698,10750646697,5.022047495,0.2,0.2
10750646698,1303246397,158.7828753,3.9,3.9
10750646699,10750646697,22.86592032,-0.5,0
10750698991,1303244447,3.826620669,0.1,0.1
10750698991,2598709650,74.72645862,-0.5,0
10750698991,6957360458,28.98716031,0.2,0.2
10750698991,6957360462,6.547280939,0,0
10750698995,1303244394,4.459621784,0.2,0.2
10750698995,1303245173,44.6454714,-1.5,0
10750698995,10750698996,3.70457716,0,0
10750698995,2588145198,3.963827305,-0.1,0
10750698996,10750698995,3.70457716,0,0
10750698996,6957360463,110.4482209,-3.3,0
10750698996,6957360464,4.424593213,0.1,0.1
10750699000,2588145178,2.292095866,0.2,0.2
10750699000,2588145189,4.434095537,-0.1,0
10750699000,2588145184,4.771404172,0.2,0.2
10750743308,2267294225,27.5700352,0.9,0.9
10750743308,1303246397,4.18925149,-0.1,0
10750743308,7368660636,159.0704549,-4.5,0
10750743309,1303246397,3.977792857,0.1,0.1
10750743309,1303244080,63.62702246,0.6,0.6
10750743309,7368660627,35.19561172,-1.1,0
10751780971,3731572076,125.8180617,4,4
10751780971,3731572075,3.390338343,0,0
10751780971,4070941298,228.5849949,5.1,5.1
10751780971,10751780995,13.8033238,0,0
10751780972,7369033925,4.6979535,0.1,0.1
10751780972,4070941028,2.515301843,0,0
10751780972,7369033926,64.56337106,0.3,0.3
10751780973,7369033925,3.833722259,0.1,0.1
10751780973,4070941012,3.079726442,0.1,0.1
10751780973,10751780993,178.692426,0.8,0.8
10751780993,10736725900,6.187565102,0,0
10751780993,7369033897,4.537434295,0,0
10751780993,10751780973,178.692426,-0.8,0
10751780995,10751842707,15.62390824,-0.1,0
10751780995,10736725900,2.571687156,-0.1,0
10751780995,10751780971,13.8033238,0,0
10751780996,3731572075,5.05770353,0,0
10751780996,7369033897,10.58143087,-0.1,0
10751780996,7369033916,60.85817259,0.2,0.2
10751842706,7369033914,4.030503102,-0.1,0
10751842707,3803654352,3.4256,-0.1,0
10751842707,10751780995,15.62390824,0.1,0.1
10751842707,7369033926,321.0419312,-0.5,0
10751842707,7369033926,93.66433523,-0.5,0
10794673123,1303243353,26.87911069,1.8,1.8
10794673123,1303245451,4.931754684,-0.3,0
10794673123,10794673125,113.784021,3.4,3.4
10794673125,10794673136,12.0075456,1.4,1.4
10794673125,10794673131,5.87424821,-0.6,0
10794673125,10794673123,113.784021,-3.4,0
10794673131,10794673132,6.861500485,-0.4,0
10794673131,10794673125,5.87424821,0.6,0.6
10794673131,10794673133,11.43602226,1.7,1.7
10794673132,1303244915,33.13782659,1.4,1.4
10794673132,10794673131,6.861500485,0.4,0.4
10794673132,10908360099,19.90375045,-3.3,0
10794673132,1303245451,112.8789709,-2.7,0
10794673133,10794673134,7.462264895,1.9,1.9
10794673133,10794673131,11.43602226,-1.7,0
10794673133,10794673136,9.004599976,0.3,0.3
10794673134,10794673135,6.705673758,1.4,1.4
10794673134,10794673133,7.462264895,-1.9,0
10794673134,2139647408,18.24954786,1.5,1.5
10794673134,10794673136,16.33386309,-1.6,0
10794673135,10794673134,6.705673758,-1.4,0
10794673135,2268371096,78.31357403,3.3,3.3
10794673135,2139647408,15.0809185,0.1,0.1
10794673136,10794673125,12.0075456,-1.4,0
10794673136,10794673133,9.004599976,-0.3,0
10794673136,10794673134,16.33386309,1.6,1.6
10803856438,2187246433,5.174926361,0,0
10803910262,4070941319,92.21854752,-1.8,0
10803910262,4070941321,18.96805634,0.6,0.6
10803910262,10803910263,30.00452206,0.9,0.9
10803910262,10736725999,47.73907045,1.3,1.3
10803910263,1767739950,34.86442916,0.1,0.1
10803910263,1303244989,2.129743844,0,0
10803910263,10803910262,30.00452206,-0.9,0
10836967619,10836967620,22.52584632,-0.4,0
10836967620,2039371183,22.28448021,-0.7,0
10836967620,10836967619,22.52584632,0.4,0.4
10836967620,1303243768,51.1557239,2.7,2.7
10896026881,10896026882,32.69840231,-2.1,0
10896026882,1303243643,44.13892871,2.4,2.4
10896026882,2136813367,17.47778133,-1,0
10896026882,10896026881,32.69840231,2.1,2.1
10908360096,10908360099,59.15579951,-0.5,0
10908360099,10794673132,19.90375045,3.3,3.3
10908360099,1303245831,22.56794273,-3.9,0
10908360099,10908360096,59.15579951,0.5,0.5
10937054768,10937054769,30.7004019,-0.5,0
10937054768,1303245354,6.067288615,-0.1,0
10937054768,2268363057,25.65834315,0.9,0.9
10937054769,10937054768,30.7004019,0.5,0.5
10937054769,1303245792,6.363088175,0,0
10937054769,10937054770,33.19159306,-0.5,0
10937054770,9983573435,4.437350011,0,0
10937054770,1303244738,6.900302055,0.1,0.1
10937054770,10937054769,33.19159306,0.5,0.5
10946112646,916037148,6.711014613,0.2,0.2
10946112646,10946112647,8.619084803,0,0
10946112646,739474131,194.1938529,-4.8,0
10946112647,916037104,6.375076699,0.2,0.2
10946112647,10946112646,8.619084803,0,0
10946112647,739474132,197.4893487,-4.8,0
10946112647,10946112648,138.8470189,-2.8,0
10946112648,10946118963,12.85871346,-0.4,0
10946112648,10946118957,14.51298836,2.3,2.3
10946112648,10946112647,138.8470189,2.8,2.8
10946112654,916073694,27.96345354,0.3,0.3
10946112654,739474132,3.276949165,0,0
10946112654,10946118963,51.9547688,1.6,1.6
10946118936,10946118937,12.44363277,0.3,0.3
10946118937,1728169982,72.09750905,1,1
10946118937,1728169990,22.70521068,-0.1,0
10946118937,10946118936,12.44363277,-0.3,0
10946118956,10946118957,2.699987614,-0.4,0
10946118956,10946118960,21.07029956,0.8,0.8
10946118956,10946118963,29.48425196,-3.1,0
10946118957,10946118956,2.699987614,0.4,0.4
10946118957,10946118958,9.951812654,2.4,2.4
10946118957,10946112648,14.51298836,-2.3,0
10946118958,7125325619,16.97446293,-1.1,0
10946118958,916037161,50.99261765,-3.8,0
10946118958,10946118957,9.951812654,-2.4,0
10946118960,916073674,2.004082936,-0.1,0
10946118960,7125325619,3.448761253,0.1,0.1
10946118960,10946118956,21.07029956,-0.8,0
10946118963,10946112648,12.85871346,0.4,0.4
10946118963,10946112654,51.9547688,-1.6,0
10946118963,10946118956,29.48425196,3.1,3.1
11951566056,916073664,4.148561946,0,0
11951566056,7125325619,49.41390634,-2.5,0
11951566056,11951566065,47.15043518,0.4,0.4
11951566065,1728169957,21.0745715,0.5,0.5
11951566065,11951566056,47.15043518,-0.4,0
11954201548,7366852176,141.2319125,0.3,0.3
11954201548,7366852208,115.6041723,-1.7,0
11954201548,11954201550,26.17605279,-5.5,0
11954201550,4020938309,30.024568,1,1
11954201550,2267294338,53.65149919,-0.3,0
11954201550,11954201548,26.17605279,5.5,5.5
11954201559,2267231984,2.343207767,0.2,0.2
11954201559,2267231947,124.8163028,-4.5,0
11954201559,908108602,38.73852667,-6.8,0
12022212138,2267231889,32.81056435,-1.7,0
12022212138,2267231915,31.67201956,2.2,2.2
12022212138,2267296171,76.96448885,-1.3,0
12560683507,1728170089,29.00388746,0.5,0.5
12560683507,1704577721,3.458906647,0.1,0.1
12560683507,4070941348,4.853261268,0,0
12560683507,4070941347,143.0002188,-1.3,0
13064972911,1484203297,113.0696358,1.6,1.6
13076848002,9269014820,83.79927114,1.1,1.1
13076848002,1302822332,5.248837549,-0.1,0
13076848002,9269278079,4.74766357,-0.3,0
13076848002,9269278082,4.98515168,0.2,0.2
13076848003,13076848004,3.449070284,0.1,0.1
13076848004,1302822332,6.551008077,0.5,0.5
13076848004,9269014809,55.77241841,-3.6,0
13076848004,13076848003,3.449070284,-0.1,0
13076848004,9269278079,5.481388174,0.3,0.3
13076848007,9269072324,32.83298597,-0.4,0
13076848007,443306892,5.405097313,0,0
13076848007,9269585412,7.343040649,0.3,0.3
13076848007,9269585416,8.205813736,-0.2,0
13076848008,443306892,6.284904873,-0.2,0
13076848008,9269585408,4.836892526,0,0
13076848008,9269585412,3.947726806,0.1,0.1
13076848008,1303151740,30.23092446,-0.6,0
13076848009,443306892,7.856959038,0.3,0.3
13076848009,3803463107,37.43144118,-2.6,0
13076848009,9269611221,4.989625967,0.1,0.1
13076848009,9269585416,4.008777879,0.1,0.1
13076852405,2187247169,5.111550209,0,0
13076852405,2187247157,100.2413702,4.2,4.2
13076852405,13076852407,54.42394713,-0.3,0
13076852405,9269423100,32.97748556,0.4,0.4
13076852407,1302821907,4.861545321,0,0
13076852407,2187247157,40.83921587,4.5,4.5
13076852407,9269423084,61.82720535,-0.7,0
13076852407,13076852405,54.42394713,0.3,0.3
13076852447,1302823084,6.445531656,0.1,0.1
13076852447,1302821823,157.7684655,14.1,14.1
13076852447,9269278113,71.25401388,3,3
13076852448,1302823084,8.451008435,0.1,0.1
13076852448,9269423070,210.6589326,1.8,1.8
13076852505,443306892,6.695031725,-0.1,0
13076852505,1471065423,115.6920964,-7.4,0
13076852505,9269611221,7.046674468,-0.3,0
13076852505,9269585408,7.24766073,0.1,0.1
13336225512,7755269989,28.37824168,-2.8,0
13336225512,461630519,68.236029,6.3,6.3
13336225512,13336225515,94.00210902,1.9,1.9
13336225514,13336225515,5.66112948,-0.2,0
13336225515,13336225514,5.66112948,0.2,0.2
13336225515,13336225516,6.296731738,0,0
13336225515,13336225512,94.00210902,-1.9,0
13336225516,13336225515,6.296731738,0,0
13336233260,1302821170,93.045374,-1.8,0
13336233260,13336233262,45.62254681,1.2,1.2
13336233262,13336233260,45.62254681,-1.2,0
13403237136,1983118493,43.80911817,0.4,0.4
13403237136,2857742914,21.33055985,-0.3,0
13403237136,2857742914,34.02872868,-0.3,0
13403237136,2857742914,32.30838199,-0.3,0
